{
"type": "FeatureCollection",
"name": "phl_admin4",
"crs": { "type": "name", "properties": { "name": "urn:ogc:def:crs:OGC:1.3:CRS84" } },
"features": [
{ "type": "Feature", "properties": { "adm4_name": "Balite (Pob.)", "adm4_name1": null, "adm4_name2": null, "adm4_name3": null, "adm4_pcode": "PH0405808001", "adm3_name": "Rodriguez (Montalban)", "adm3_name1": null, "adm3_name2": null, "adm3_name3": null, "adm3_pcode": "PH0405808", "adm2_name": "Rizal", "adm2_name1": null, "adm2_name2": null, "adm2_name3": null, "adm2_pcode": "PH04058", "adm1_name": "Region IV-A (Calabarzon)", "adm1_name1": null, "adm1_name2": null, "adm1_name3": null, "adm1_pcode": "PH04", "adm0_name": "Philippines", "adm0_name1": null, "adm0_name2": null, "adm0_name3": null, "adm0_pcode": "PH", "valid_on": "2025-02-13", "valid_to": null, "area_sqkm": 0.51043348, "version": "v03", "lang": "en", "lang1": null, "lang2": null, "lang3": null, "adm4_ref_n": "Balite (Pob.)", "center_lat": 14.73257953, "center_lon": 121.14540788 }, "geometry": { "type": "Polygon", "coordinates": [ [ [ 121.145744150000041, 14.73720653099997 ], [ 121.146563870000023, 14.736946221000096 ], [ 121.146753806000106, 14.736885904000189 ], [ 121.147292296000046, 14.736714903000177 ], [ 121.148003094000046, 14.736660305999976 ], [ 121.148704793000093, 14.736793552 ], [ 121.14870482400022, 14.736479977999977 ], [ 121.148714623000046, 14.735895539000069 ], [ 121.148637919000066, 14.735382184000116 ], [ 121.148842769000112, 14.735379818000069 ], [ 121.148698300000206, 14.734918900000139 ], [ 121.148610181000095, 14.73458712200005 ], [ 121.148490100000231, 14.734135000000151 ], [ 121.148255, 14.734137400000122 ], [ 121.14798380000002, 14.734119600000099 ], [ 121.147928300000103, 14.733700800000065 ], [ 121.147839767000164, 14.733335600999965 ], [ 121.147791500000153, 14.733138 ], [ 121.148103900000024, 14.733063 ], [ 121.148024400000054, 14.732730600000082 ], [ 121.147943800000121, 14.732696900000178 ], [ 121.147887100000048, 14.732642900000144 ], [ 121.147672860000057, 14.731939582 ], [ 121.147672500000226, 14.731938400000104 ], [ 121.147529502000111, 14.731093686 ], [ 121.14802730800011, 14.730987391000042 ], [ 121.148224259000131, 14.730753490000097 ], [ 121.148790070000018, 14.730542336000042 ], [ 121.149256937000132, 14.730502258000115 ], [ 121.149597, 14.730426436000073 ], [ 121.150383300000158, 14.730309478000152 ], [ 121.15061831200012, 14.730245597000078 ], [ 121.150572, 14.73007640000003 ], [ 121.150511900000197, 14.729863800000032 ], [ 121.150435100000209, 14.72977 ], [ 121.150393900000154, 14.729491900000028 ], [ 121.150334976000067, 14.729292670000063 ], [ 121.150295500000198, 14.729159200000026 ], [ 121.150055300000076, 14.72924310000019 ], [ 121.149109700000167, 14.729562100000123 ], [ 121.148980696000081, 14.729590898000026 ], [ 121.14891485700025, 14.729337301000101 ], [ 121.148608328000023, 14.729399080000121 ], [ 121.148250300000086, 14.728283200000021 ], [ 121.148193635000098, 14.728174320000051 ], [ 121.148137000000133, 14.728065500000127 ], [ 121.148128108000265, 14.728041751000035 ], [ 121.148041, 14.727809100000059 ], [ 121.147964900000261, 14.727572300000134 ], [ 121.147879100000068, 14.72765030000005 ], [ 121.147793300000103, 14.727907600000037 ], [ 121.147544400000129, 14.728447200000062 ], [ 121.147317700000031, 14.728644600000052 ], [ 121.147000837000178, 14.72874968300016 ], [ 121.146836000000121, 14.728818800000113 ], [ 121.146056600000065, 14.729101600000035 ], [ 121.145819500000016, 14.729205800000159 ], [ 121.145635900000116, 14.729120599999987 ], [ 121.145541, 14.729124300000137 ], [ 121.144811200000049, 14.729396600000086 ], [ 121.144327034000185, 14.729559884000139 ], [ 121.144403231000183, 14.729771541000162 ], [ 121.144559000000186, 14.730198 ], [ 121.144918, 14.731306600000039 ], [ 121.145099648000155, 14.731854122000072 ], [ 121.145157941000093, 14.732086471000173 ], [ 121.144752768000103, 14.732171134000168 ], [ 121.143593500000065, 14.732388700000058 ], [ 121.14292501000034, 14.732516159000056 ], [ 121.14310378100015, 14.733009506000087 ], [ 121.143098147000046, 14.733118477000119 ], [ 121.143477391000147, 14.734341909000079 ], [ 121.143464865000169, 14.734507369000141 ], [ 121.143000162000021, 14.734604745000183 ], [ 121.14284099300005, 14.734710688000177 ], [ 121.142579095000087, 14.734877502000074 ], [ 121.142361572000141, 14.735033036000175 ], [ 121.142173019000211, 14.73515147 ], [ 121.142138481000188, 14.735158219000141 ], [ 121.141919500000085, 14.735227327000189 ], [ 121.141657901000031, 14.735302520000118 ], [ 121.14131997000004, 14.735374084000171 ], [ 121.141053828000054, 14.735396559000151 ], [ 121.140925838000157, 14.735380497000051 ], [ 121.140730580000195, 14.735449153000047 ], [ 121.140216888000054, 14.735562537000021 ], [ 121.140212811000197, 14.735617317000106 ], [ 121.140206958000022, 14.735680966000132 ], [ 121.140202157000203, 14.735720545000106 ], [ 121.140199421000034, 14.73580167800003 ], [ 121.140203353000175, 14.736135218000072 ], [ 121.140569400000118, 14.736111600000072 ], [ 121.141293500000188, 14.736222100000134 ], [ 121.142084400000044, 14.7364867 ], [ 121.142985300000191, 14.737171900000021 ], [ 121.143923100000166, 14.73749 ], [ 121.144343770000319, 14.737509528000089 ], [ 121.144733100000053, 14.737527599999964 ], [ 121.145744150000041, 14.73720653099997 ] ] ] } },
{ "type": "Feature", "properties": { "adm4_name": "Burgos", "adm4_name1": null, "adm4_name2": null, "adm4_name3": null, "adm4_pcode": "PH0405808002", "adm3_name": "Rodriguez (Montalban)", "adm3_name1": null, "adm3_name2": null, "adm3_name3": null, "adm3_pcode": "PH0405808", "adm2_name": "Rizal", "adm2_name1": null, "adm2_name2": null, "adm2_name3": null, "adm2_pcode": "PH04058", "adm1_name": "Region IV-A (Calabarzon)", "adm1_name1": null, "adm1_name2": null, "adm1_name3": null, "adm1_pcode": "PH04", "adm0_name": "Philippines", "adm0_name1": null, "adm0_name2": null, "adm0_name3": null, "adm0_pcode": "PH", "valid_on": "2025-02-13", "valid_to": null, "area_sqkm": 2.83466006, "version": "v03", "lang": "en", "lang1": null, "lang2": null, "lang3": null, "adm4_ref_n": "Burgos", "center_lat": 14.71592265, "center_lon": 121.13880238 }, "geometry": { "type": "Polygon", "coordinates": [ [ [ 121.141169400000081, 14.723540800000023 ], [ 121.141473000000133, 14.723535700000127 ], [ 121.141647700000021, 14.723526688999982 ], [ 121.141868500000328, 14.723515300000031 ], [ 121.142026700000088, 14.723551100000179 ], [ 121.14222570000004, 14.72354590000009 ], [ 121.142412, 14.723479600000076 ], [ 121.142565000000218, 14.723405600000035 ], [ 121.14265690000002, 14.723344400000087 ], [ 121.142853400000149, 14.723142800000119 ], [ 121.143044700000132, 14.722915700000158 ], [ 121.143190200000049, 14.722698900000182 ], [ 121.143223169000066, 14.722675223000067 ], [ 121.143407000000252, 14.722543200000075 ], [ 121.143871400000307, 14.722106900000028 ], [ 121.144136700000104, 14.721869700000127 ], [ 121.144254100000012, 14.721913000000143 ], [ 121.144375279000201, 14.721920125000111 ], [ 121.144514300000083, 14.721928300000172 ], [ 121.144636800000058, 14.721918100000039 ], [ 121.144775400000185, 14.721861500000159 ], [ 121.144913300000212, 14.721798500000091 ], [ 121.144988200000171, 14.721752500000036 ], [ 121.144995000000222, 14.721698000000117 ], [ 121.144996700000206, 14.721592400000077 ], [ 121.145022300000164, 14.721519200000103 ], [ 121.14507, 14.721434100000124 ], [ 121.145122700000115, 14.721376200000122 ], [ 121.145209600000044, 14.721364300000062 ], [ 121.145293, 14.721364300000062 ], [ 121.145396900000037, 14.721311500000127 ], [ 121.1455161, 14.721263800000088 ], [ 121.145684600000095, 14.721161700000152 ], [ 121.145747600000163, 14.721059500000081 ], [ 121.145839600000272, 14.720914800000173 ], [ 121.14592980000009, 14.720814300000029 ], [ 121.14598090000004, 14.72074450000008 ], [ 121.146009900000195, 14.720681500000069 ], [ 121.14601330000005, 14.72062700000015 ], [ 121.146028600000136, 14.720553800000118 ], [ 121.146164800000179, 14.7203869 ], [ 121.146231200000216, 14.720308600000124 ], [ 121.146311200000014, 14.720295 ], [ 121.146396400000185, 14.720344400000045 ], [ 121.146513900000286, 14.720417600000076 ], [ 121.14655810000022, 14.72046180000018 ], [ 121.146662000000106, 14.7206577 ], [ 121.146782900000176, 14.720812600000045 ], [ 121.146825500000091, 14.720940300000166 ], [ 121.14691740000012, 14.721018600000036 ], [ 121.147028100000057, 14.7210612 ], [ 121.147113200000149, 14.721056100000112 ], [ 121.14730730000008, 14.721057800000096 ], [ 121.147510000000125, 14.721074800000054 ], [ 121.147600200000284, 14.721049300000118 ], [ 121.147763700000155, 14.7209454 ], [ 121.147918600000025, 14.720778500000051 ], [ 121.14803530000006, 14.720656800000143 ], [ 121.148075300000187, 14.720523100000094 ], [ 121.148111, 14.720320500000184 ], [ 121.148029300000076, 14.72010430000006 ], [ 121.148012300000119, 14.719928900000127 ], [ 121.148044600000276, 14.719787600000132 ], [ 121.148092300000144, 14.719707500000084 ], [ 121.148158700000181, 14.719624100000146 ], [ 121.148347700000159, 14.719455500000038 ], [ 121.148524800000018, 14.719360200000153 ], [ 121.148599700000204, 14.719307400000048 ], [ 121.148630300000036, 14.719188200000133 ], [ 121.148638900000037, 14.7189464 ], [ 121.148640600000022, 14.718748900000037 ], [ 121.148586100000102, 14.718636500000116 ], [ 121.148521400000163, 14.718576900000187 ], [ 121.148436200000219, 14.718531 ], [ 121.148374900000249, 14.718469700000185 ], [ 121.148371500000167, 14.718350500000099 ], [ 121.148388600000317, 14.718250000000126 ], [ 121.148437600000079, 14.718044100000157 ], [ 121.148511100000178, 14.717908 ], [ 121.148587700000121, 14.717843900000105 ], [ 121.148672200000192, 14.71775010000016 ], [ 121.148708100000135, 14.71767970000019 ], [ 121.14875510000013, 14.717540500000041 ], [ 121.148812900000053, 14.717435700000067 ], [ 121.148870800000054, 14.717381000000159 ], [ 121.148909900000149, 14.717356 ], [ 121.149003700000094, 14.717180800000108 ], [ 121.1490741, 14.717033800000024 ], [ 121.149152300000083, 14.716883700000039 ], [ 121.149266500000181, 14.7167288 ], [ 121.149325900000122, 14.716671 ], [ 121.149393100000111, 14.716661600000123 ], [ 121.149508900000114, 14.716663200000085 ], [ 121.149588600000129, 14.716661600000123 ], [ 121.149660600000061, 14.716655300000184 ], [ 121.149734100000273, 14.716639700000087 ], [ 121.149768500000278, 14.716619400000013 ], [ 121.149781, 14.716553700000077 ], [ 121.149746600000071, 14.716506800000104 ], [ 121.149756000000139, 14.716394200000025 ], [ 121.149751300000275, 14.716253400000141 ], [ 121.149737200000345, 14.7161799000001 ], [ 121.1497544, 14.715973500000075 ], [ 121.149757500000078, 14.715871800000173 ], [ 121.149791900000082, 14.715814 ], [ 121.149821600000223, 14.715763900000127 ], [ 121.149818500000151, 14.715704500000186 ], [ 121.149782500000015, 14.715641900000151 ], [ 121.149696500000232, 14.715576200000044 ], [ 121.149651200000335, 14.715554300000179 ], [ 121.149527600000056, 14.715535600000067 ], [ 121.149405600000136, 14.715488700000094 ], [ 121.149352500000191, 14.715455800000029 ], [ 121.149336800000128, 14.715433900000164 ], [ 121.149388400000134, 14.715333800000053 ], [ 121.149501000000214, 14.715238399999976 ], [ 121.14977470000008, 14.71498820000005 ], [ 121.149887300000159, 14.714946000000111 ], [ 121.149990500000172, 14.714964800000075 ], [ 121.150076600000034, 14.7149554 ], [ 121.150156300000049, 14.714875599999971 ], [ 121.150087500000041, 14.714786500000059 ], [ 121.149882600000296, 14.714628500000174 ], [ 121.149665300000265, 14.714478400000189 ], [ 121.149466032000078, 14.714341379000132 ], [ 121.149244600000088, 14.714245400000095 ], [ 121.149052297000253, 14.714178163000099 ], [ 121.14895360800017, 14.714102248000131 ], [ 121.148835940000026, 14.714026333000163 ], [ 121.148752434000016, 14.713992172000076 ], [ 121.148695498000166, 14.713942826999983 ], [ 121.148737673000028, 14.71389010900009 ], [ 121.148773099000095, 14.713844560000098 ], [ 121.148764664000169, 14.713807446000089 ], [ 121.14875960300003, 14.713778767000122 ], [ 121.148757916000022, 14.713723096000024 ], [ 121.148749481000095, 14.713706226000056 ], [ 121.148749481000095, 14.713679235000029 ], [ 121.148769725000193, 14.713638747000061 ], [ 121.148764664000169, 14.713599946000159 ], [ 121.148754542, 14.713562832000093 ], [ 121.148756229000128, 14.713527405000093 ], [ 121.148742734000166, 14.713475108000125 ], [ 121.148747794000201, 14.713424499000098 ], [ 121.148754542, 14.713390759000163 ], [ 121.148779847000128, 14.71334521 ], [ 121.148798404000104, 14.713323279000065 ], [ 121.148820335000096, 14.713292913000032 ], [ 121.148840579000193, 14.713262547 ], [ 121.148881067000161, 14.713235556000029 ], [ 121.148938425000097, 14.713213625000037 ], [ 121.148968791000129, 14.713223747000029 ], [ 121.148990721000132, 14.713210251000135 ], [ 121.149026148000189, 14.713195068 ], [ 121.149051453000197, 14.713195068 ], [ 121.149113872000157, 14.713174824000134 ], [ 121.14914423800019, 14.713176511000029 ], [ 121.14919147400019, 14.71317145 ], [ 121.149267388000226, 14.713151206000134 ], [ 121.149312937000332, 14.713151206000134 ], [ 121.1494006610003, 14.713137710000069 ], [ 121.149530559000027, 14.713109031000101 ], [ 121.14958454300006, 14.713129275000028 ], [ 121.14964696200002, 14.713136023 ], [ 121.149716128000023, 14.713161328000069 ], [ 121.149778547000096, 14.713190007000037 ], [ 121.149906758000043, 14.713252425000064 ], [ 121.149953994000043, 14.713274356 ], [ 121.150014726000222, 14.713291225999967 ], [ 121.150080519000085, 14.713291225999967 ], [ 121.150129441000217, 14.71330134800013 ], [ 121.150183425000023, 14.713276043000064 ], [ 121.150228974000015, 14.713250738 ], [ 121.150279584000145, 14.713213625000037 ], [ 121.150320072000113, 14.713190007000037 ], [ 121.150348751000024, 14.713156267000102 ], [ 121.150362246000213, 14.713097222000101 ], [ 121.150389238000116, 14.713033116000133 ], [ 121.150380803000076, 14.712947080000106 ], [ 121.150353812000048, 14.712899844000106 ], [ 121.150325133000024, 14.71285429500017 ], [ 121.150304889000154, 14.712778381000078 ], [ 121.150272836000113, 14.712734519000037 ], [ 121.150244157000088, 14.712682222000069 ], [ 121.150203669, 14.712634986000069 ], [ 121.150132815, 14.712510149000138 ], [ 121.15009907600006, 14.712464599999976 ], [ 121.15005521400019, 14.712424112000178 ], [ 121.15002822200006, 14.712381936999975 ], [ 121.150001230000044, 14.712349884000105 ], [ 121.149970864000011, 14.712321205000137 ], [ 121.149960742000189, 14.712268909000045 ], [ 121.149967490000222, 14.712218299000142 ], [ 121.149972551000019, 14.712189620000174 ], [ 121.149952307000149, 14.712135636000141 ], [ 121.149920254000222, 14.712086714000179 ], [ 121.149883141000259, 14.712019234000081 ], [ 121.149839279000048, 14.711971998000081 ], [ 121.149768425000048, 14.711960189000081 ], [ 121.149695884000153, 14.711951753999983 ], [ 121.149616596000101, 14.711939944999983 ], [ 121.149574421000125, 14.711941632000048 ], [ 121.1494985060001, 14.711948380000081 ], [ 121.149412470000129, 14.711945006000178 ], [ 121.149344990000031, 14.711953441000048 ], [ 121.149270762000128, 14.711936571000081 ], [ 121.149177978000125, 14.711934884000016 ], [ 121.14909700200019, 14.711931510000113 ], [ 121.1490312090001, 14.711918014000048 ], [ 121.148946860000024, 14.711912953000081 ], [ 121.148919868, 14.711902831000145 ], [ 121.148865884000202, 14.711894396000048 ], [ 121.148842266000202, 14.71188933500008 ], [ 121.148820335000096, 14.711882587000048 ], [ 121.148779847000128, 14.711869090999983 ], [ 121.148732612000231, 14.711852222000118 ], [ 121.148680315000206, 14.711833665000086 ], [ 121.14866175800023, 14.71180836000002 ], [ 121.148624644000165, 14.711759437000183 ], [ 121.1486111480001, 14.71172907100015 ], [ 121.148606087000076, 14.711688583000182 ], [ 121.148597652000035, 14.711631225000019 ], [ 121.148582469000075, 14.711595799000122 ], [ 121.148580782000067, 14.711553624000089 ], [ 121.148575721000043, 14.711504701000081 ], [ 121.148577408000165, 14.711481083000081 ], [ 121.14864856800034, 14.71151680700018 ], [ 121.148563467000145, 14.711374174000184 ], [ 121.148371586000167, 14.711355900000115 ], [ 121.148170568000069, 14.711465546000113 ], [ 121.147887316000038, 14.711566055000162 ], [ 121.147622338000019, 14.711502095000185 ], [ 121.147421320000035, 14.711282802000085 ], [ 121.147284262000085, 14.711090922000039 ], [ 121.147174616000029, 14.710963000999982 ], [ 121.146973598000159, 14.710944727000083 ], [ 121.146690345000025, 14.71100868700006 ], [ 121.146443642, 14.711081784000157 ], [ 121.146169526000222, 14.711045236000132 ], [ 121.145950234000225, 14.710743709000155 ], [ 121.145813176000047, 14.710350810000079 ], [ 121.145721805000221, 14.709802579999973 ], [ 121.145749216000127, 14.709464504000096 ], [ 121.145794394000063, 14.708944700000075 ], [ 121.145709114000169, 14.708640127000024 ], [ 121.145595407000087, 14.708351799000127 ], [ 121.145497944000113, 14.708270579000157 ], [ 121.145359871000096, 14.708319311000082 ], [ 121.145241215000055, 14.708388677000187 ], [ 121.145184386000096, 14.708364233000111 ], [ 121.14440031100014, 14.708692254000141 ], [ 121.144231275000152, 14.708764347000169 ], [ 121.143635837000147, 14.709018297000057 ], [ 121.143481235000081, 14.708955702000083 ], [ 121.143076566000104, 14.709384957000168 ], [ 121.143131972000106, 14.709680408 ], [ 121.143189109000105, 14.709796499000106 ], [ 121.143186356000115, 14.709891028000015 ], [ 121.143159977000209, 14.709977051000124 ], [ 121.143098622000139, 14.710033377000173 ], [ 121.14279590700005, 14.709979101000101 ], [ 121.14220711300004, 14.709832484000174 ], [ 121.14209891400003, 14.710171112000126 ], [ 121.141997390000029, 14.710609697000052 ], [ 121.141790280000123, 14.710995489000027 ], [ 121.141522256000144, 14.711101074000169 ], [ 121.141286720000153, 14.711003610999967 ], [ 121.141083672000036, 14.710857416000067 ], [ 121.140831892000051, 14.710650307000037 ], [ 121.140685697000094, 14.710426953000081 ], [ 121.140539502000138, 14.710102076000112 ], [ 121.140356759000042, 14.709927454000024 ], [ 121.140226808000079, 14.709890906 ], [ 121.140040003000081, 14.709878722999974 ], [ 121.139949829000102, 14.709947731 ], [ 121.139934418000166, 14.709959942000069 ], [ 121.139809543000069, 14.71016502100008 ], [ 121.139693806000196, 14.710347764000176 ], [ 121.139498879000143, 14.710579240000129 ], [ 121.139389233000088, 14.710621880000133 ], [ 121.138816636000229, 14.710463502000152 ], [ 121.137842004000049, 14.710195478000173 ], [ 121.137080947000072, 14.710037538000051 ], [ 121.136018156000318, 14.709874032000073 ], [ 121.135397914, 14.710335146000034 ], [ 121.135203022000042, 14.710481257000083 ], [ 121.13494941600004, 14.710694436000097 ], [ 121.134720907000201, 14.7108694530001 ], [ 121.13375238000026, 14.711522556000034 ], [ 121.132496867000214, 14.711902537000128 ], [ 121.132344775000092, 14.711969636000049 ], [ 121.131591885000148, 14.712301790000026 ], [ 121.130364568000118, 14.712843249000116 ], [ 121.130121993000216, 14.713317923000147 ], [ 121.129922003000161, 14.713998154000024 ], [ 121.129898411000113, 14.714166265000188 ], [ 121.129858896000201, 14.714447834000111 ], [ 121.129452177000189, 14.714921146000052 ], [ 121.129027173000054, 14.715062381000052 ], [ 121.128479559000198, 14.715367306000189 ], [ 121.128034905000163, 14.715852717000075 ], [ 121.127357505000077, 14.716107277000049 ], [ 121.127200394000283, 14.716430777000141 ], [ 121.126310164000188, 14.717216704000066 ], [ 121.125625942000056, 14.717823816000021 ], [ 121.125595193000095, 14.717889362000108 ], [ 121.125503516000094, 14.718553780000036 ], [ 121.125277079000057, 14.719084901000031 ], [ 121.125063575000013, 14.719831102 ], [ 121.125343789000112, 14.720708356000159 ], [ 121.125722316000065, 14.721263136 ], [ 121.125815270000089, 14.721399373 ], [ 121.1261703670001, 14.721620240000107 ], [ 121.126667572000088, 14.721929496000087 ], [ 121.127402897000252, 14.721974968000154 ], [ 121.127952405000087, 14.721880154000075 ], [ 121.128496692000112, 14.722149664000028 ], [ 121.128828969000097, 14.722416098000053 ], [ 121.129459537000116, 14.722563518000129 ], [ 121.130229325000187, 14.722638601000085 ], [ 121.130987955000023, 14.722917543000051 ], [ 121.131184431000179, 14.723201714000027 ], [ 121.132448852000039, 14.722644765000041 ], [ 121.133162852000169, 14.72235630300014 ], [ 121.133324981000328, 14.722814944000163 ], [ 121.133516573000065, 14.722914445000129 ], [ 121.133539300000052, 14.723116400000094 ], [ 121.133545900000058, 14.723280900000191 ], [ 121.134509399000081, 14.723445653000056 ], [ 121.13483407300032, 14.723508249000076 ], [ 121.135036014000093, 14.723272653000095 ], [ 121.135165832000325, 14.723147642000185 ], [ 121.135314883000092, 14.722936086000061 ], [ 121.135425469000097, 14.722748570000022 ], [ 121.135603369000023, 14.722561054000153 ], [ 121.135661066000125, 14.72234469000017 ], [ 121.135632218000183, 14.722258144000136 ], [ 121.135430278000172, 14.722089861000143 ], [ 121.135233146000019, 14.721964850000177 ], [ 121.134992741000133, 14.72183983900004 ], [ 121.134761952000304, 14.721647516000019 ], [ 121.134723487000088, 14.721455192000121 ], [ 121.134709063000059, 14.721315757000013 ], [ 121.134713871000145, 14.721065736000014 ], [ 121.134728295000059, 14.720926301000134 ], [ 121.134685022000326, 14.720584926000072 ], [ 121.134675406000042, 14.720378177999976 ], [ 121.134675406000042, 14.720233935000067 ], [ 121.13458886, 14.720113732000129 ], [ 121.134492699000134, 14.720007954000096 ], [ 121.134342400000037, 14.719815900000185 ], [ 121.134395600000062, 14.719709600000101 ], [ 121.134471800000142, 14.719629900000086 ], [ 121.134642900000017, 14.719554800000083 ], [ 121.134736500000145, 14.719545500000038 ], [ 121.134840500000223, 14.719543200000032 ], [ 121.134916800000155, 14.719527 ], [ 121.134956000000216, 14.719506200000126 ], [ 121.134997500000054, 14.719444700000054 ], [ 121.135021300000062, 14.719349 ], [ 121.134997600000133, 14.719169900000054 ], [ 121.13500230000011, 14.719042800000182 ], [ 121.1350658, 14.718975800000123 ], [ 121.135157100000129, 14.718935300000169 ], [ 121.135238, 14.718923800000084 ], [ 121.135417100000154, 14.718912200000034 ], [ 121.135524600000167, 14.718913400000133 ], [ 121.135591600000225, 14.718919200000073 ], [ 121.135721000000103, 14.718959600000062 ], [ 121.135763800000063, 14.718988500000137 ], [ 121.135981100000095, 14.719179200000099 ], [ 121.136031900000035, 14.719314400000087 ], [ 121.135999000000197, 14.719429900000023 ], [ 121.136025200000063, 14.719558400000039 ], [ 121.136107400000242, 14.719745300000056 ], [ 121.136178800000152, 14.719825100000037 ], [ 121.136257300000011, 14.719888100000105 ], [ 121.136375200000202, 14.719904800000108 ], [ 121.136507300000289, 14.719895300000189 ], [ 121.136652500000082, 14.719870300000082 ], [ 121.1368989, 14.719814400000075 ], [ 121.13709770000014, 14.719728700000076 ], [ 121.137439090000157, 14.719661421000126 ], [ 121.137466600000266, 14.7196560000001 ], [ 121.137755900000229, 14.719600100000093 ], [ 121.137970139000117, 14.719576507 ], [ 121.137988009000196, 14.719574539 ], [ 121.138207200000124, 14.71955040000006 ], [ 121.13843680000025, 14.7195198 ], [ 121.138538900000185, 14.7195198 ], [ 121.138587400000119, 14.7195453 ], [ 121.138631571000133, 14.719584425000107 ], [ 121.138676700000019, 14.719624400000157 ], [ 121.139010900000017, 14.720025 ], [ 121.139217600000052, 14.720448500000145 ], [ 121.139424200000235, 14.721037900000056 ], [ 121.139582400000222, 14.721527800000104 ], [ 121.139861448000033, 14.72252376300014 ], [ 121.13987804400017, 14.722582999000053 ], [ 121.139896200000067, 14.7226478 ], [ 121.139998555000034, 14.722821264000174 ], [ 121.14004705900004, 14.722903464000012 ], [ 121.140086335000092, 14.722970025000109 ], [ 121.140115711000021, 14.723019810000096 ], [ 121.140138600000228, 14.723058600000059 ], [ 121.14025151400017, 14.723196342000108 ], [ 121.140347800000086, 14.723313800000085 ], [ 121.140404261000072, 14.723366429000066 ], [ 121.140462700000057, 14.723420900000065 ], [ 121.140464523000105, 14.723421619000021 ], [ 121.140546900000231, 14.72345410000014 ], [ 121.140603, 14.723456600000134 ], [ 121.14067440000008, 14.723489800000038 ], [ 121.140773900000227, 14.723556200000019 ], [ 121.1408462280001, 14.723559711000064 ], [ 121.140870900000209, 14.723561300000085 ], [ 121.141169400000081, 14.723540800000023 ] ] ] } },
{ "type": "Feature", "properties": { "adm4_name": "Geronimo", "adm4_name1": null, "adm4_name2": null, "adm4_name3": null, "adm4_pcode": "PH0405808003", "adm3_name": "Rodriguez (Montalban)", "adm3_name1": null, "adm3_name2": null, "adm3_name3": null, "adm3_pcode": "PH0405808", "adm2_name": "Rizal", "adm2_name1": null, "adm2_name2": null, "adm2_name3": null, "adm2_pcode": "PH04058", "adm1_name": "Region IV-A (Calabarzon)", "adm1_name1": null, "adm1_name2": null, "adm1_name3": null, "adm1_pcode": "PH04", "adm0_name": "Philippines", "adm0_name1": null, "adm0_name2": null, "adm0_name3": null, "adm0_pcode": "PH", "valid_on": "2025-02-13", "valid_to": null, "area_sqkm": 0.22344575, "version": "v03", "lang": "en", "lang1": null, "lang2": null, "lang3": null, "adm4_ref_n": "Geronimo", "center_lat": 14.7335182, "center_lon": 121.14964756000001 }, "geometry": { "type": "Polygon", "coordinates": [ [ [ 121.150663900000154, 14.736363200000085 ], [ 121.150744, 14.735730500000159 ], [ 121.150784200000089, 14.735274100000026 ], [ 121.150825700000041, 14.734712100000081 ], [ 121.150867400000038, 14.7342238 ], [ 121.150951700000292, 14.734228200000189 ], [ 121.151115200000163, 14.734244200000091 ], [ 121.151355700000181, 14.73425270000007 ], [ 121.151544800000011, 14.734246400000131 ], [ 121.151231500000222, 14.73254020000013 ], [ 121.151210900000251, 14.732203100000163 ], [ 121.151163800000063, 14.732071600000097 ], [ 121.151126778000048, 14.731934086000081 ], [ 121.15143460000013, 14.731844662000185 ], [ 121.15115150000031, 14.730966390000162 ], [ 121.151314832000139, 14.730967740999972 ], [ 121.151313000000187, 14.730863000000113 ], [ 121.151217300000098, 14.730673200000069 ], [ 121.151096000000166, 14.730453000000125 ], [ 121.150971274000312, 14.73018635699998 ], [ 121.150865900000099, 14.730020700000068 ], [ 121.150755000000231, 14.729820800000027 ], [ 121.150511900000197, 14.729863800000032 ], [ 121.150572, 14.73007640000003 ], [ 121.15061831200012, 14.730245597000078 ], [ 121.150383300000158, 14.730309478000152 ], [ 121.149597, 14.730426436000073 ], [ 121.149256937000132, 14.730502258000115 ], [ 121.148790070000018, 14.730542336000042 ], [ 121.148224259000131, 14.730753490000097 ], [ 121.14802730800011, 14.730987391000042 ], [ 121.147529502000111, 14.731093686 ], [ 121.147672500000226, 14.731938400000104 ], [ 121.147672860000057, 14.731939582 ], [ 121.147887100000048, 14.732642900000144 ], [ 121.147943800000121, 14.732696900000178 ], [ 121.148024400000054, 14.732730600000082 ], [ 121.148103900000024, 14.733063 ], [ 121.147791500000153, 14.733138 ], [ 121.147839767000164, 14.733335600999965 ], [ 121.147928300000103, 14.733700800000065 ], [ 121.14798380000002, 14.734119600000099 ], [ 121.148255, 14.734137400000122 ], [ 121.148490100000231, 14.734135000000151 ], [ 121.148610181000095, 14.73458712200005 ], [ 121.148698300000206, 14.734918900000139 ], [ 121.148842769000112, 14.735379818000069 ], [ 121.148637919000066, 14.735382184000116 ], [ 121.148714623000046, 14.735895539000069 ], [ 121.14870482400022, 14.736479977999977 ], [ 121.148704793000093, 14.736793552 ], [ 121.148934050000207, 14.736837085000161 ], [ 121.149487996000175, 14.736942505000172 ], [ 121.150570989000016, 14.73709707800009 ], [ 121.150663900000154, 14.736363200000085 ] ] ] } },
{ "type": "Feature", "properties": { "adm4_name": "Macabud", "adm4_name1": null, "adm4_name2": null, "adm4_name3": null, "adm4_pcode": "PH0405808004", "adm3_name": "Rodriguez (Montalban)", "adm3_name1": null, "adm3_name2": null, "adm3_name3": null, "adm3_pcode": "PH0405808", "adm2_name": "Rizal", "adm2_name1": null, "adm2_name2": null, "adm2_name3": null, "adm2_pcode": "PH04058", "adm1_name": "Region IV-A (Calabarzon)", "adm1_name1": null, "adm1_name2": null, "adm1_name3": null, "adm1_pcode": "PH04", "adm0_name": "Philippines", "adm0_name1": null, "adm0_name2": null, "adm0_name3": null, "adm0_pcode": "PH", "valid_on": "2025-02-13", "valid_to": null, "area_sqkm": 13.08433332, "version": "v03", "lang": "en", "lang1": null, "lang2": null, "lang3": null, "adm4_ref_n": "Macabud", "center_lat": 14.78488354, "center_lon": 121.13502397000001 }, "geometry": { "type": "Polygon", "coordinates": [ [ [ 121.160573186000079, 14.809570342000086 ], [ 121.159782174000156, 14.807633002000046 ], [ 121.159571237000023, 14.805797612000049 ], [ 121.158727490000274, 14.802585642 ], [ 121.157092730000045, 14.799424608000152 ], [ 121.156618122000054, 14.796212543000024 ], [ 121.154271451000113, 14.796314514000187 ], [ 121.154350552000324, 14.795881137000151 ], [ 121.154469204000065, 14.795613462000119 ], [ 121.154416470000115, 14.795167337000066 ], [ 121.15440328700015, 14.794912408000187 ], [ 121.154324185000178, 14.794708465000099 ], [ 121.154337369000018, 14.794262338000067 ], [ 121.154258268000149, 14.794032901000151 ], [ 121.154020964000097, 14.793981915000188 ], [ 121.153955046000078, 14.79385444900015 ], [ 121.15415279900003, 14.793599519000168 ], [ 121.154284635000067, 14.793395574000101 ], [ 121.154113249000147, 14.792503314000157 ], [ 121.153902312000014, 14.792095422000159 ], [ 121.153691375000221, 14.791853236 ], [ 121.153414521000059, 14.791827743000113 ], [ 121.153092585000081, 14.791825128000028 ], [ 121.153112398000189, 14.791751536000106 ], [ 121.15310673700003, 14.791655302000152 ], [ 121.153061450000109, 14.791533594000043 ], [ 121.152968046000183, 14.791482646000077 ], [ 121.152820864000091, 14.791332634000128 ], [ 121.152775578000046, 14.791278856000076 ], [ 121.152685004000205, 14.791202434000184 ], [ 121.152608583000188, 14.791131673999985 ], [ 121.152600091000181, 14.791038270000115 ], [ 121.15263122600004, 14.790953357000092 ], [ 121.152701987000114, 14.790837309999972 ], [ 121.152738782000029, 14.790721262000147 ], [ 121.152775578000046, 14.790610876000073 ], [ 121.152801051000097, 14.790537285000141 ], [ 121.152820864000091, 14.790441050000084 ], [ 121.152823695000052, 14.790370290000055 ], [ 121.152818034, 14.790288207000117 ], [ 121.152798221000012, 14.790183482000089 ], [ 121.152758595000137, 14.790149517000032 ], [ 121.152693495000108, 14.790121212000088 ], [ 121.152617074000091, 14.790078756000128 ], [ 121.15252933100021, 14.790039130000025 ], [ 121.152472722000198, 14.789982522000116 ], [ 121.152441588000102, 14.789914592 ], [ 121.152441588000102, 14.789832509000064 ], [ 121.152427436000039, 14.789764579000121 ], [ 121.152387810000278, 14.789679666000097 ], [ 121.15226044100018, 14.789611735999983 ], [ 121.152192510000077, 14.789572110000108 ], [ 121.152113259000089, 14.789478706000182 ], [ 121.152048159000174, 14.789373981000153 ], [ 121.152008533000071, 14.789269255000022 ], [ 121.151960416000065, 14.789167360000022 ], [ 121.151932111000178, 14.78907678600018 ], [ 121.151889655000218, 14.789000365000163 ], [ 121.151850029000116, 14.788929604000032 ], [ 121.151779269000144, 14.788906961000066 ], [ 121.151702847000024, 14.788875826000037 ], [ 121.151632087000053, 14.788836200000162 ], [ 121.151550004000114, 14.788714492 ], [ 121.151456600000188, 14.788615427000082 ], [ 121.15136885700008, 14.788553158000184 ], [ 121.151323570000159, 14.788468245000161 ], [ 121.151232997000079, 14.788343706000092 ], [ 121.151182049000113, 14.788270115000103 ], [ 121.151148556000066, 14.788215630000138 ], [ 121.151093834000335, 14.788183552000135 ], [ 121.151042887000131, 14.788166569000055 ], [ 121.151001374000316, 14.788138265000043 ], [ 121.150916461000179, 14.7880703350001 ], [ 121.150856079000164, 14.788047691000031 ], [ 121.150816453000061, 14.787992970000175 ], [ 121.150773053000194, 14.787938248000103 ], [ 121.150703236000027, 14.787853335000079 ], [ 121.15062209700011, 14.787802388000046 ], [ 121.150554167000223, 14.787775971000087 ], [ 121.150482463000117, 14.787728797000113 ], [ 121.150359811000044, 14.787691058000064 ], [ 121.150239046000138, 14.78771558800014 ], [ 121.150154134000218, 14.787723136000068 ], [ 121.15005601200005, 14.787758988000178 ], [ 121.15000317800002, 14.787789179000129 ], [ 121.149895622000145, 14.787826918000121 ], [ 121.149844674000178, 14.787853335000079 ], [ 121.149803161000023, 14.787904283000046 ], [ 121.149695605000034, 14.787942022000038 ], [ 121.149642770000014, 14.787925040000061 ], [ 121.149522006000097, 14.787864657000114 ], [ 121.149491814000157, 14.787809936000144 ], [ 121.14947483200001, 14.78774389199998 ], [ 121.1494578490001, 14.787700493000045 ], [ 121.149442754, 14.787649545000079 ], [ 121.149371050000127, 14.787540102000037 ], [ 121.149361615000089, 14.787445754000032 ], [ 121.149371050000127, 14.78738725900007 ], [ 121.149401241000191, 14.787326877000055 ], [ 121.149438980000014, 14.787260833000119 ], [ 121.149408789000063, 14.787221208000119 ], [ 121.149305007000066, 14.787202338000156 ], [ 121.149284250000051, 14.787160825000171 ], [ 121.149320102000161, 14.787119312000186 ], [ 121.149393693000093, 14.787075912000148 ], [ 121.149467284000025, 14.786981565000076 ], [ 121.149482380000222, 14.786896652000053 ], [ 121.149482380000222, 14.786828722000109 ], [ 121.149469171000078, 14.786747583000079 ], [ 121.149446528000112, 14.786668331000101 ], [ 121.149378598000339, 14.786666444000048 ], [ 121.149316328000168, 14.786647575000131 ], [ 121.149305007000066, 14.786611723000021 ], [ 121.149352180000164, 14.786538132000089 ], [ 121.14937293700018, 14.786477750000074 ], [ 121.14937293700018, 14.786438124000142 ], [ 121.149352180000164, 14.786360759000047 ], [ 121.149286137000104, 14.786294715999986 ], [ 121.149252172000047, 14.786268298000152 ], [ 121.149159711000266, 14.786230559000103 ], [ 121.149091781000152, 14.786232445999985 ], [ 121.149037060000182, 14.786238107000031 ], [ 121.148986112000216, 14.786239994000084 ], [ 121.148932764000051, 14.786252174000026 ], [ 121.14882698100007, 14.786257109000189 ], [ 121.148724087000119, 14.786184275000039 ], [ 121.148671228000126, 14.786009669000123 ], [ 121.148653061000118, 14.785783365000043 ], [ 121.148708863000138, 14.785511051000071 ], [ 121.148693460000118, 14.785439020000069 ], [ 121.148556495000093, 14.785345309000036 ], [ 121.148448266000287, 14.785311949000118 ], [ 121.148371318000159, 14.785246255 ], [ 121.148265474000254, 14.78521312100014 ], [ 121.14823303300011, 14.785133901000165 ], [ 121.148216253000214, 14.78504985 ], [ 121.14823303300011, 14.784976057000051 ], [ 121.148280276000037, 14.784951616000058 ], [ 121.148372820000077, 14.784997210000142 ], [ 121.148418545000027, 14.784924447000037 ], [ 121.148553506000098, 14.784677454000132 ], [ 121.148563209000145, 14.784598323000068 ], [ 121.148511581000093, 14.784498811 ], [ 121.148278281000216, 14.78422010700001 ], [ 121.148165638000023, 14.784117071000026 ], [ 121.148116919000131, 14.783964603000015 ], [ 121.148088107000035, 14.783736292000071 ], [ 121.148131018000186, 14.783622793000177 ], [ 121.14821511200023, 14.783534176000046 ], [ 121.148208055000055, 14.783449632000156 ], [ 121.148189841000089, 14.783402733000059 ], [ 121.148120211000105, 14.783359515000086 ], [ 121.148076992000142, 14.783346309000024 ], [ 121.148024771000109, 14.783335452000131 ], [ 121.147972853000169, 14.783336768000026 ], [ 121.147924198000055, 14.783365002999972 ], [ 121.147876120000205, 14.783337567000046 ], [ 121.147828294000192, 14.783225736000077 ], [ 121.147777375000146, 14.783077183000159 ], [ 121.147862900000177, 14.782911299000091 ], [ 121.147936531000141, 14.782704029000172 ], [ 121.147929421000072, 14.782582043000048 ], [ 121.147795768000151, 14.782505863000154 ], [ 121.147686568000154, 14.782344950000038 ], [ 121.147621285000014, 14.782260226000119 ], [ 121.147562407000123, 14.782204139000044 ], [ 121.147515548000229, 14.78224164400001 ], [ 121.147435026000153, 14.782326773000079 ], [ 121.147384381000279, 14.782367758000134 ], [ 121.147322371000087, 14.782348144000139 ], [ 121.147263529000043, 14.782356410000091 ], [ 121.147205768000163, 14.78232868300006 ], [ 121.147155161000114, 14.782302451000191 ], [ 121.147126914000069, 14.78225591100005 ], [ 121.147116585000163, 14.782196235000072 ], [ 121.147154442000215, 14.782119343000147 ], [ 121.147222426000098, 14.782058383000049 ], [ 121.147353077000048, 14.78202693500009 ], [ 121.147422707000032, 14.781990919000179 ], [ 121.1474803320001, 14.781933294000112 ], [ 121.147513947000334, 14.781899679000048 ], [ 121.147543960000121, 14.781833651000113 ], [ 121.147543960000121, 14.781759218000104 ], [ 121.147518749000028, 14.781687187000045 ], [ 121.147471929000062, 14.781633163000038 ], [ 121.147416705000069, 14.781568335000031 ], [ 121.147384290000218, 14.781510710000134 ], [ 121.147331467000186, 14.781395460000169 ], [ 121.14730505600005, 14.781258600000058 ], [ 121.147291850000215, 14.781107334000126 ], [ 121.147247431000096, 14.781041306000191 ], [ 121.147218618000011, 14.780960871 ], [ 121.147193407000145, 14.780875634000154 ], [ 121.147165795000092, 14.780820409000114 ], [ 121.147154991000093, 14.780785594000179 ], [ 121.147146587000179, 14.780745976999981 ], [ 121.147119575000033, 14.780718365000041 ], [ 121.147009727000182, 14.780711162000046 ], [ 121.146890876000043, 14.780669744000022 ], [ 121.146782829000244, 14.780635529000108 ], [ 121.146698192000258, 14.780608517000189 ], [ 121.146618957000214, 14.780626525000059 ], [ 121.146532520000051, 14.780669744000022 ], [ 121.146469492000165, 14.780700357000114 ], [ 121.14630562100001, 14.780736373000082 ], [ 121.146170562000293, 14.78072556799998 ], [ 121.14610213200001, 14.780696756000111 ], [ 121.146035503, 14.78064813400016 ], [ 121.145986882000216, 14.780612119000125 ], [ 121.145963472000062, 14.78055629500011 ], [ 121.145977878000167, 14.780516677000037 ], [ 121.146123742000327, 14.780471658000124 ], [ 121.146222785000077, 14.780455451000137 ], [ 121.146302019000245, 14.780441044000099 ], [ 121.146384855000179, 14.78039242300008 ], [ 121.146390258000224, 14.780286177000164 ], [ 121.146370449000074, 14.780214146000162 ], [ 121.146320027000115, 14.780145716000163 ], [ 121.14624799600017, 14.780107899000143 ], [ 121.146098531000121, 14.780079087000047 ], [ 121.145941863000076, 14.780070083000055 ], [ 121.145741795000049, 14.780098270000167 ], [ 121.145579604000091, 14.78007360600003 ], [ 121.145452049000141, 14.780088091000096 ], [ 121.145331130000159, 14.780100279000067 ], [ 121.145270587000027, 14.780053640000176 ], [ 121.145272986000123, 14.779945671000064 ], [ 121.145398428000021, 14.779754144000094 ], [ 121.14544816800003, 14.77962414000018 ], [ 121.145454614000073, 14.779399407000142 ], [ 121.145426353000062, 14.779272372000037 ], [ 121.145361721000086, 14.7791833120001 ], [ 121.145196936000048, 14.779084738000108 ], [ 121.14509793000002, 14.779067277000024 ], [ 121.145046384000011, 14.77902719400015 ], [ 121.144998368000302, 14.778830198000037 ], [ 121.145089615000302, 14.778800780999973 ], [ 121.145148114000108, 14.778771008000092 ], [ 121.145174737000048, 14.778703209000071 ], [ 121.145148728000095, 14.778599469000028 ], [ 121.145037685000261, 14.7784835920001 ], [ 121.144904579000126, 14.778451414000131 ], [ 121.143796199, 14.775568499000087 ], [ 121.142854869000189, 14.773116356000116 ], [ 121.142953912000053, 14.77305152800011 ], [ 121.143033147000324, 14.772990301000107 ], [ 121.143074565, 14.772889457000076 ], [ 121.143074565, 14.772783210999989 ], [ 121.143049354000027, 14.772682367000186 ], [ 121.143049354000027, 14.772583324000095 ], [ 121.143033147000324, 14.772460870999964 ], [ 121.143024143000162, 14.772378035000031 ], [ 121.143000732000019, 14.772212363000051 ], [ 121.142966518000094, 14.772106117000135 ], [ 121.142898088000038, 14.7720124760001 ], [ 121.142803248000064, 14.771923142000162 ], [ 121.142701108000097, 14.771854246000146 ], [ 121.142636882000147, 14.771735314000068 ], [ 121.142547533000084, 14.771601906000058 ], [ 121.142492510000125, 14.771543182000187 ], [ 121.142415883000012, 14.771447502000058 ], [ 121.142395669000166, 14.771380401000101 ], [ 121.142347048000147, 14.771380401000101 ], [ 121.142305630000124, 14.771394807000036 ], [ 121.142262411000161, 14.771394807000036 ], [ 121.142177774000174, 14.771400209000149 ], [ 121.142132755000034, 14.771403811000084 ], [ 121.142118348000054, 14.771367795000117 ], [ 121.142125552000152, 14.771279557000128 ], [ 121.142145360000313, 14.771171510000158 ], [ 121.142159766000077, 14.771110283000155 ], [ 121.142197583000097, 14.771058059999973 ], [ 121.142237200000068, 14.770980627000085 ], [ 121.142273216000035, 14.770915798000146 ], [ 121.142307431000177, 14.770823958000165 ], [ 121.142401566000217, 14.770715755000026 ], [ 121.142509610000047, 14.770578815000022 ], [ 121.142681631000187, 14.770409901000107 ], [ 121.142755700000066, 14.770276425000077 ], [ 121.142755306000026, 14.770154952000041 ], [ 121.142700812000271, 14.77008548900011 ], [ 121.142597755000224, 14.770045623000158 ], [ 121.142529328000137, 14.770057839000117 ], [ 121.142447491000212, 14.770071306999967 ], [ 121.142392068000163, 14.77010004300007 ], [ 121.142273216000035, 14.770150465000143 ], [ 121.142255208000165, 14.77016667200013 ], [ 121.142188579000049, 14.770197285999984 ], [ 121.142141759000083, 14.770220695999967 ], [ 121.142093137000188, 14.770220695999967 ], [ 121.14189080600022, 14.770199989000162 ], [ 121.141792109000107, 14.77015875100011 ], [ 121.141694327000209, 14.77005686900003 ], [ 121.141590198000017, 14.769873902000086 ], [ 121.141584906000162, 14.769803488000093 ], [ 121.141712182000219, 14.769729569000106 ], [ 121.141713740000114, 14.769665784999972 ], [ 121.141620186000068, 14.76966234300005 ], [ 121.141522894000332, 14.769723952000106 ], [ 121.141470702000106, 14.769719703000021 ], [ 121.141433070000176, 14.769691476999981 ], [ 121.141397804000121, 14.769642154999985 ], [ 121.141338625000117, 14.76948377400015 ], [ 121.141388210000059, 14.769392315000118 ], [ 121.141497120000167, 14.769299314000136 ], [ 121.141712163000079, 14.769200450000142 ], [ 121.141790195000112, 14.769132608 ], [ 121.141871922000064, 14.769010620000074 ], [ 121.141844632000129, 14.768854844000145 ], [ 121.141564316000199, 14.768584873000066 ], [ 121.141434155000184, 14.768531684000038 ], [ 121.141398719000108, 14.76849231000017 ], [ 121.141325285000107, 14.768369259 ], [ 121.14127941900017, 14.768299883000111 ], [ 121.141039327000044, 14.76814701100011 ], [ 121.140955658000166, 14.768085125000141 ], [ 121.140946646000089, 14.767989998000189 ], [ 121.140967053000054, 14.767871299000035 ], [ 121.14100837, 14.767753309000057 ], [ 121.141056440000284, 14.767602919000012 ], [ 121.141098273000125, 14.767525380999984 ], [ 121.141105528000253, 14.767402039000103 ], [ 121.141100087000041, 14.767313160000128 ], [ 121.141061996000076, 14.767255117000047 ], [ 121.140974930000084, 14.767137216000151 ], [ 121.1407554540001, 14.766839744000038 ], [ 121.140486641000166, 14.766515469000126 ], [ 121.140011315000038, 14.765934340000058 ], [ 121.14010582700007, 14.765536310000186 ], [ 121.140122816000144, 14.765494835000027 ], [ 121.140143268000088, 14.765444907000187 ], [ 121.140445733000092, 14.765250296000147 ], [ 121.140653990000033, 14.765144446000079 ], [ 121.140718279000112, 14.765102729000091 ], [ 121.140716114000043, 14.765025159000061 ], [ 121.140663920000179, 14.764918876000081 ], [ 121.140354595000076, 14.76446797400007 ], [ 121.140250929000331, 14.76431046800019 ], [ 121.140098620000117, 14.764158087000112 ], [ 121.139986628000088, 14.763948889 ], [ 121.139921198000138, 14.763800675000027 ], [ 121.139843166000105, 14.763666630000046 ], [ 121.139834159000316, 14.763552393000055 ], [ 121.139821754000081, 14.76341928700009 ], [ 121.139923193000072, 14.763379044000033 ], [ 121.140015033000054, 14.763415534000046 ], [ 121.140153693000116, 14.763438944000029 ], [ 121.140210027000194, 14.763363385000048 ], [ 121.140194139000073, 14.763298943000052 ], [ 121.140366413000152, 14.763175856000089 ], [ 121.140524916000231, 14.76298389100009 ], [ 121.140605787000027, 14.76278097300019 ], [ 121.140912851000053, 14.76250976100016 ], [ 121.141002273000026, 14.762397164000163 ], [ 121.141027872000222, 14.762284642000054 ], [ 121.140970244000073, 14.762205245000189 ], [ 121.140861401000052, 14.762181997000027 ], [ 121.140762161000225, 14.762123670999983 ], [ 121.140674323000212, 14.76207842000008 ], [ 121.140606792000199, 14.762015079999969 ], [ 121.140493944000127, 14.761970297000119 ], [ 121.140428415000088, 14.76191251 ], [ 121.14034648400002, 14.761849558000165 ], [ 121.14031146700006, 14.761717238000017 ], [ 121.140346377000242, 14.761580535000178 ], [ 121.140348178000295, 14.761512105 ], [ 121.140358585000058, 14.761404996000124 ], [ 121.140382700000146, 14.76127017500005 ], [ 121.140430322000043, 14.761131590000048 ], [ 121.140503352000223, 14.761009687000183 ], [ 121.140529860000015, 14.760938205000116 ], [ 121.140508448000105, 14.760883632000173 ], [ 121.140389596000205, 14.760789991000138 ], [ 121.14029595500017, 14.760674741 ], [ 121.140168100000324, 14.760545085000103 ], [ 121.139993423000192, 14.760345198000039 ], [ 121.139438107000046, 14.759745125 ], [ 121.138805072000196, 14.75905717 ], [ 121.138347607000242, 14.758606666000048 ], [ 121.13820084200006, 14.758533615000147 ], [ 121.138082491000205, 14.758508167000173 ], [ 121.137935225000092, 14.758522967000147 ], [ 121.137824278000039, 14.758585456000048 ], [ 121.137640905000012, 14.758585069000105 ], [ 121.137533611000208, 14.759046019000095 ], [ 121.137514624000119, 14.759145511000156 ], [ 121.136884972000075, 14.759514510000031 ], [ 121.136829571000021, 14.759556425000028 ], [ 121.136719092000021, 14.759665220000045 ], [ 121.13658247800015, 14.759803628000157 ], [ 121.136538700000074, 14.759936600000117 ], [ 121.13646140000003, 14.760021400000028 ], [ 121.136357370000155, 14.760135580000053 ], [ 121.136271800000031, 14.760229500000037 ], [ 121.136168000000112, 14.760281400000054 ], [ 121.136093253000013, 14.760284791000061 ], [ 121.136014187000114, 14.760288377 ], [ 121.135923300000286, 14.760292500000105 ], [ 121.135786102000111, 14.76022347900016 ], [ 121.135586271000079, 14.759825776000014 ], [ 121.135265600000025, 14.759931448000088 ], [ 121.135039130000109, 14.759945335000054 ], [ 121.134932783000181, 14.759948704000067 ], [ 121.134844225000052, 14.760028554000087 ], [ 121.134821547000342, 14.760234358000105 ], [ 121.134850126000174, 14.760658511000088 ], [ 121.13222527500011, 14.760552827000026 ], [ 121.129455617000076, 14.760441312000125 ], [ 121.126907985000344, 14.760996516999967 ], [ 121.125311620000161, 14.759811556000102 ], [ 121.124549350000166, 14.760157812000159 ], [ 121.125375548000079, 14.760804571999984 ], [ 121.125402350000059, 14.76086609000015 ], [ 121.125387979000038, 14.760961883000164 ], [ 121.125281804000224, 14.761187219000135 ], [ 121.125296737000099, 14.761276952 ], [ 121.125327371000139, 14.761357092000083 ], [ 121.126035782000031, 14.762583980000159 ], [ 121.126102190000211, 14.762687529000118 ], [ 121.126114310000162, 14.762754468000026 ], [ 121.126078382000173, 14.762837668000031 ], [ 121.126026528000011, 14.762896754999986 ], [ 121.125564852000139, 14.763311481000017 ], [ 121.12553390000005, 14.763387189000071 ], [ 121.125512992000154, 14.763458653000157 ], [ 121.125507132000166, 14.763540367000132 ], [ 121.125547176000282, 14.764767952 ], [ 121.1255521490001, 14.764895532000082 ], [ 121.125519351000207, 14.764971352000146 ], [ 121.125449556000035, 14.765022630000146 ], [ 121.125389636000023, 14.765074475000063 ], [ 121.124955942000042, 14.765335155000173 ], [ 121.124914274000162, 14.765389599000059 ], [ 121.124882680000042, 14.765444683000169 ], [ 121.124653838000086, 14.766077182000174 ], [ 121.12465190100022, 14.766150471000117 ], [ 121.124699318000125, 14.766218921000075 ], [ 121.124780070000043, 14.766289029 ], [ 121.126472832000104, 14.767236921000119 ], [ 121.126608698000041, 14.767357647000154 ], [ 121.126690708000069, 14.767448771000034 ], [ 121.127268206000053, 14.768388149000145 ], [ 121.127563392000297, 14.768777842000134 ], [ 121.127666156000146, 14.768907354000021 ], [ 121.127737331000048, 14.769021584000086 ], [ 121.127765832000023, 14.769141296000043 ], [ 121.127782008000054, 14.769236801000034 ], [ 121.127636506000158, 14.769791238000153 ], [ 121.127652685000157, 14.769891168000072 ], [ 121.127737016000083, 14.770002119000139 ], [ 121.127829275000181, 14.770085310000184 ], [ 121.12821550600006, 14.77037101999997 ], [ 121.128307157000108, 14.770387020999976 ], [ 121.12842261500009, 14.770381486000133 ], [ 121.128580829000043, 14.770355134000113 ], [ 121.128764151000269, 14.770298254000181 ], [ 121.128727111000217, 14.770609389000072 ], [ 121.128734240000199, 14.770751301000132 ], [ 121.128772699000137, 14.770875447000094 ], [ 121.128829117, 14.771027056000094 ], [ 121.129048848000139, 14.771434708000072 ], [ 121.129531334000035, 14.772123479000129 ], [ 121.129840586000114, 14.772511793000092 ], [ 121.1299807500003, 14.772627813000099 ], [ 121.130103775000066, 14.772699421000027 ], [ 121.13020958200002, 14.772749060000137 ], [ 121.130391405000069, 14.772768973000098 ], [ 121.130660670000111, 14.772763367000152 ], [ 121.131115229000102, 14.772761014000025 ], [ 121.131358065000086, 14.772760355000059 ], [ 121.131599098000265, 14.772800023000173 ], [ 121.132830780000063, 14.773011903000111 ], [ 121.133145121000211, 14.773060869000062 ], [ 121.133240043000228, 14.773120168000105 ], [ 121.133309325000141, 14.773219607000044 ], [ 121.133318267000163, 14.773309490000145 ], [ 121.133330857000146, 14.773490003000063 ], [ 121.133221196000022, 14.773972512000114 ], [ 121.133243262000065, 14.774118740000119 ], [ 121.133288351000147, 14.774261170000159 ], [ 121.133358353000062, 14.774369574000104 ], [ 121.133469385000012, 14.774538734000032 ], [ 121.133544283000219, 14.774665538000079 ], [ 121.133661176000032, 14.774889352000116 ], [ 121.133746473000087, 14.775060675000134 ], [ 121.133783860000221, 14.775176826000063 ], [ 121.133811607000098, 14.775302749000105 ], [ 121.133864175000213, 14.775387955000042 ], [ 121.134470749000116, 14.776115032000064 ], [ 121.134971792000101, 14.776730445000112 ], [ 121.134750418000067, 14.776779119000025 ], [ 121.134629653000275, 14.776811827000074 ], [ 121.134576818000255, 14.77682063200001 ], [ 121.134520210000233, 14.776872209000089 ], [ 121.134443474000022, 14.776933849000045 ], [ 121.134356674000173, 14.777006811000035 ], [ 121.134297550000042, 14.777102417000151 ], [ 121.134263585000213, 14.777213118000191 ], [ 121.134256037000114, 14.777301175000105 ], [ 121.134247231000131, 14.777369106000094 ], [ 121.134234652000032, 14.777442068000084 ], [ 121.134190623000222, 14.777526351000063 ], [ 121.13414407800019, 14.77758925 ], [ 121.134096275000047, 14.77763202 ], [ 121.133983058000013, 14.777684855000018 ], [ 121.133883679000064, 14.777696177000053 ], [ 121.133823297000049, 14.777701209000156 ], [ 121.133749077000061, 14.777696177000053 ], [ 121.133677373000182, 14.777681081000082 ], [ 121.133589315000222, 14.777655922 ], [ 121.13351383700001, 14.777615667000191 ], [ 121.133429553000155, 14.777552769000124 ], [ 121.13328614500017, 14.777425714000174 ], [ 121.133232053000143, 14.777366590000099 ], [ 121.133121352000103, 14.777283564000129 ], [ 121.133043358, 14.777219408000178 ], [ 121.132952784000054, 14.777147702999969 ], [ 121.132605585000192, 14.776847050000072 ], [ 121.132242033000125, 14.776462112000047 ], [ 121.132187941000097, 14.776423115000057 ], [ 121.132117495000102, 14.776390408000111 ], [ 121.132054596000103, 14.77637405400003 ], [ 121.131940121000184, 14.776356443000054 ], [ 121.131722493000098, 14.776331284000037 ], [ 121.131628146000025, 14.77632625200016 ], [ 121.131533798000191, 14.77633631499998 ], [ 121.131408002000057, 14.776348895000183 ], [ 121.131260820000193, 14.776408019000087 ], [ 121.131060803000082, 14.776483497000129 ], [ 121.130787825000198, 14.776658355 ], [ 121.130698509000126, 14.776731316999985 ], [ 121.13061170900005, 14.776795473000163 ], [ 121.130533715000183, 14.776850823000132 ], [ 121.130431820000013, 14.776926301000174 ], [ 121.130077074000269, 14.777258405000111 ], [ 121.129963857000234, 14.777325077000114 ], [ 121.129946551000216, 14.777485055 ], [ 121.128834975000132, 14.777562997000075 ], [ 121.127092816000072, 14.776440567000122 ], [ 121.1256372590002, 14.775693133000061 ], [ 121.125135749000037, 14.775459382000179 ], [ 121.12456953800006, 14.774520612000117 ], [ 121.123692791000053, 14.775541844000088 ], [ 121.122859985000105, 14.775741799 ], [ 121.121199222000087, 14.776029560000097 ], [ 121.120438504000049, 14.775564300000156 ], [ 121.120193789000268, 14.775384754000072 ], [ 121.119890276000092, 14.775129153000137 ], [ 121.119596697000247, 14.774686977000158 ], [ 121.119031387000064, 14.774080507000065 ], [ 121.118425639000179, 14.77338284700005 ], [ 121.117315911000219, 14.772960405000106 ], [ 121.115472914000065, 14.772432946000094 ], [ 121.114652653000121, 14.772163486000181 ], [ 121.114292688000091, 14.770858340000188 ], [ 121.113915952000184, 14.769981050000069 ], [ 121.113244574000078, 14.768538131000128 ], [ 121.111266422000313, 14.766496326000038 ], [ 121.110298955000076, 14.76548601200011 ], [ 121.109682245000045, 14.763837527000021 ], [ 121.108563542000184, 14.763550309000095 ], [ 121.10491462400023, 14.762656063000179 ], [ 121.101977884000235, 14.765484873000105 ], [ 121.099729179000065, 14.765222305000066 ], [ 121.099808599000085, 14.765742362000026 ], [ 121.099730083000168, 14.766109057000051 ], [ 121.099685061000173, 14.766454212000099 ], [ 121.09974878100013, 14.766717979000191 ], [ 121.099831423000182, 14.766977177000115 ], [ 121.099879118000104, 14.767112952000048 ], [ 121.099824629000182, 14.76733807200003 ], [ 121.099725569000157, 14.767486028 ], [ 121.099758332000079, 14.767606840999974 ], [ 121.099700646000088, 14.767838126000015 ], [ 121.099553654000033, 14.768056976000025 ], [ 121.099553643000149, 14.768066230000102 ], [ 121.099467300000015, 14.768251215000191 ], [ 121.099451117000172, 14.768453040000111 ], [ 121.099396581000065, 14.768718734000061 ], [ 121.099441028000115, 14.768903859000034 ], [ 121.09944086500002, 14.769045752000125 ], [ 121.099505134000083, 14.769211051000013 ], [ 121.099506539000117, 14.76920958900007 ], [ 121.099681119000024, 14.769027769000161 ], [ 121.099884265000128, 14.768920015000106 ], [ 121.10007213200015, 14.768856416000062 ], [ 121.100244677000092, 14.768876232000139 ], [ 121.10041214000023, 14.768900951000148 ], [ 121.100493157000074, 14.769067904000167 ], [ 121.100508113000046, 14.769303494000155 ], [ 121.10054854800012, 14.769450772000084 ], [ 121.100614271000154, 14.769676601000185 ], [ 121.10074606000012, 14.769828884000106 ], [ 121.10091858200019, 14.769868331000055 ], [ 121.101172251000094, 14.769961851000176 ], [ 121.101314219000301, 14.77008960600017 ], [ 121.101649047000137, 14.770227383000076 ], [ 121.101989051000032, 14.770276824 ], [ 121.102430629000082, 14.770272388000024 ], [ 121.102594476000263, 14.770088547000171 ], [ 121.102600196000026, 14.769847283000104 ], [ 121.102724686000215, 14.769761441000071 ], [ 121.102845938000087, 14.769686437000132 ], [ 121.103050904000042, 14.769636263000052 ], [ 121.103328604000126, 14.769670834000124 ], [ 121.103618956000105, 14.769899942000109 ], [ 121.103929357000311, 14.770393008000042 ], [ 121.104129582000269, 14.770621664000146 ], [ 121.104259085000081, 14.770672446000049 ], [ 121.104457265000292, 14.770683126000051 ], [ 121.104604377000214, 14.770624044000158 ], [ 121.104666866000116, 14.77059576900001 ], [ 121.105068082000116, 14.770390349000081 ], [ 121.105154466000158, 14.770281113000124 ], [ 121.105227856000056, 14.770200919000047 ], [ 121.105318117000138, 14.770126633000132 ], [ 121.105378669000174, 14.770090026 ], [ 121.105465929000047, 14.770066273999987 ], [ 121.105552889000023, 14.770040539000092 ], [ 121.105632799000091, 14.770037136999974 ], [ 121.105694477000043, 14.770020363000015 ], [ 121.105797375000179, 14.770007882000129 ], [ 121.10588352100001, 14.769991526000013 ], [ 121.106032454000115, 14.769965255000102 ], [ 121.106170739000163, 14.769955746000107 ], [ 121.106300174000125, 14.769980571000133 ], [ 121.106468688000064, 14.770052052000096 ], [ 121.106570545000181, 14.770127148000086 ], [ 121.106657416000189, 14.770261971000139 ], [ 121.106693963000112, 14.770382516000041 ], [ 121.106723862000194, 14.770485337000139 ], [ 121.106713624, 14.770550425000181 ], [ 121.106660254000076, 14.770721330000015 ], [ 121.106629491000263, 14.770811422 ], [ 121.106585165000183, 14.770864947000121 ], [ 121.106516970000143, 14.770890592000171 ], [ 121.106466974000227, 14.77099972700006 ], [ 121.10648524200019, 14.771092785000121 ], [ 121.106515512000328, 14.771177285000022 ], [ 121.106498935000104, 14.771249767000143 ], [ 121.106502928000054, 14.77135881300012 ], [ 121.106519162000154, 14.771458256000074 ], [ 121.10655273500015, 14.771492638000097 ], [ 121.106665980000344, 14.771558705000132 ], [ 121.106762607000064, 14.771619423000175 ], [ 121.106863482000222, 14.77164469100012 ], [ 121.106970273000229, 14.771657332000188 ], [ 121.107052482000199, 14.771649121000166 ], [ 121.107092480000119, 14.771628148000104 ], [ 121.107116123000196, 14.771571465000136 ], [ 121.107159086000138, 14.771475969000051 ], [ 121.107236764000163, 14.771350015999985 ], [ 121.107272662000128, 14.771322069000064 ], [ 121.107369485000049, 14.771289259000014 ], [ 121.107447098000193, 14.771268503000101 ], [ 121.107530498000074, 14.771255197000073 ], [ 121.107632930000022, 14.771264811000151 ], [ 121.107678345000181, 14.771318696000094 ], [ 121.107730595000021, 14.77142938999998 ], [ 121.107809352000118, 14.77155629900011 ], [ 121.107900113000028, 14.771692513000175 ], [ 121.107958861000157, 14.771777897000163 ], [ 121.108036186000049, 14.771865137000077 ], [ 121.108077659000173, 14.77188256200003 ], [ 121.108184641000321, 14.771936961000165 ], [ 121.108281661000206, 14.772043542000176 ], [ 121.108365561000028, 14.772159416000022 ], [ 121.108391029000018, 14.772233548000088 ], [ 121.108361858000194, 14.772319587000027 ], [ 121.108353800000032, 14.772450639 ], [ 121.108357339, 14.772580409000113 ], [ 121.108405248000054, 14.77261068700011 ], [ 121.108483352000121, 14.772642072000167 ], [ 121.108564967, 14.772661145000029 ], [ 121.108630653000091, 14.772747078000123 ], [ 121.108690182000146, 14.772868673000175 ], [ 121.108782346000112, 14.772979280000129 ], [ 121.10884408600009, 14.773056110000141 ], [ 121.108924289000242, 14.773110204000147 ], [ 121.109052373000054, 14.773185427000044 ], [ 121.109174292000034, 14.773259770000095 ], [ 121.109390518000055, 14.773395931000096 ], [ 121.109528687000193, 14.773483429 ], [ 121.109653796000089, 14.77357303499997 ], [ 121.109748692000153, 14.773679453999989 ], [ 121.109924131000184, 14.773865913000066 ], [ 121.110096796000221, 14.774030258000096 ], [ 121.110153150000087, 14.774185175000184 ], [ 121.110078307000208, 14.774356637000153 ], [ 121.10992073500006, 14.77452597000007 ], [ 121.109683709000024, 14.774643241999968 ], [ 121.109409634000031, 14.77464434400008 ], [ 121.109086655000169, 14.774685612000098 ], [ 121.108868334000135, 14.774750746000166 ], [ 121.108792045000314, 14.775031621000039 ], [ 121.108865128000048, 14.775279752000074 ], [ 121.109062795000114, 14.775652888000025 ], [ 121.109208570000078, 14.775834550000127 ], [ 121.109471559000099, 14.776118082000153 ], [ 121.109645284000294, 14.776313646000176 ], [ 121.109787244000017, 14.776487298000177 ], [ 121.109981313000162, 14.776642922000065 ], [ 121.110183746000075, 14.776872867000179 ], [ 121.110320081000054, 14.777006111 ], [ 121.110561325000162, 14.777117234000059 ], [ 121.110723484000118, 14.777154335000034 ], [ 121.110890448000077, 14.77727309100004 ], [ 121.111091897000051, 14.777330142999972 ], [ 121.111373108000066, 14.777339586000153 ], [ 121.111630150000224, 14.777407942000139 ], [ 121.1117423500001, 14.777575981999973 ], [ 121.11187539000025, 14.777705314000059 ], [ 121.112044499000149, 14.777795563000154 ], [ 121.112227190000226, 14.777801632000035 ], [ 121.11238117500011, 14.777847991000044 ], [ 121.112535890000231, 14.778064878000123 ], [ 121.112600371000099, 14.778304856000091 ], [ 121.112771117000079, 14.778557313000078 ], [ 121.112959010000054, 14.778705510000179 ], [ 121.11311751900007, 14.778716978999967 ], [ 121.113368803000071, 14.778562405000173 ], [ 121.113601469000173, 14.778448567000169 ], [ 121.113837668000087, 14.778398229000061 ], [ 121.114093424000089, 14.778484402 ], [ 121.114285847000133, 14.778601480000134 ], [ 121.114565748000132, 14.778712700000085 ], [ 121.114880894000066, 14.778960670000174 ], [ 121.115080896000109, 14.779234131000123 ], [ 121.115285155000038, 14.779510920000064 ], [ 121.115458245000013, 14.779700919000049 ], [ 121.115646116000107, 14.779983499000139 ], [ 121.115831384000217, 14.780220544000144 ], [ 121.116010040000106, 14.780490291000149 ], [ 121.116220242000054, 14.780714954000189 ], [ 121.116417475000276, 14.780911945000071 ], [ 121.11661885, 14.781326427000067 ], [ 121.116726053000093, 14.78166665700013 ], [ 121.11677502200007, 14.781933332999984 ], [ 121.116817214000093, 14.782323277000103 ], [ 121.116785143000016, 14.782639152000058 ], [ 121.116769153000064, 14.782947633000106 ], [ 121.11687066900015, 14.783350313000028 ], [ 121.116941520000069, 14.783574102000159 ], [ 121.116957328000126, 14.783735925000144 ], [ 121.11708009400013, 14.783920525000099 ], [ 121.117279443000029, 14.78415978400011 ], [ 121.117435081000281, 14.784462357 ], [ 121.117529249000086, 14.784816966000108 ], [ 121.117632646000061, 14.785095913000191 ], [ 121.117680935000067, 14.785321094000096 ], [ 121.117774800000234, 14.785540999000091 ], [ 121.117774145000112, 14.785780291000151 ], [ 121.117703703000302, 14.786132617000021 ], [ 121.117730311000059, 14.786441950000096 ], [ 121.117682487000138, 14.786739085000079 ], [ 121.117631710000296, 14.786962012000174 ], [ 121.117685079000012, 14.787190742000064 ], [ 121.117896237000082, 14.787245526000163 ], [ 121.118043766000142, 14.787252293000108 ], [ 121.118279565000194, 14.787237082000161 ], [ 121.118521960000066, 14.7871299950001 ], [ 121.118729268000152, 14.787099372000171 ], [ 121.118933327000036, 14.787094791000015 ], [ 121.119201301000089, 14.787126254000043 ], [ 121.119362930000193, 14.787117473000137 ], [ 121.119537517000026, 14.787033618 ], [ 121.119623512000089, 14.786917521000134 ], [ 121.119645855000044, 14.786773979000145 ], [ 121.119629948000124, 14.786567748000039 ], [ 121.119776677000232, 14.786349682000093 ], [ 121.119882090000146, 14.786102396000103 ], [ 121.119925085000091, 14.785989444000165 ], [ 121.119893043000047, 14.785855126000058 ], [ 121.120050031000119, 14.785723724000036 ], [ 121.120213224000054, 14.785663926000041 ], [ 121.120362430000114, 14.78560418700016 ], [ 121.120524528000033, 14.785548394000045 ], [ 121.120608115000095, 14.785482605000027 ], [ 121.120665736000205, 14.785333500000036 ], [ 121.120712563000211, 14.785214179000036 ], [ 121.120793127000297, 14.785047988000031 ], [ 121.120853773000022, 14.784951358000058 ], [ 121.120911668000076, 14.784842634000142 ], [ 121.120960577000119, 14.784728935000032 ], [ 121.121032023000225, 14.784637215000089 ], [ 121.121124804000146, 14.784547005000093 ], [ 121.121265036000182, 14.784510515000079 ], [ 121.121370392000017, 14.784533338000131 ], [ 121.121435118000022, 14.784650806000059 ], [ 121.121554723000258, 14.784811998000066 ], [ 121.121668380000187, 14.78496738900003 ], [ 121.121759074000011, 14.785174257000108 ], [ 121.121862793000219, 14.785393796000051 ], [ 121.12193304400023, 14.785511285000098 ], [ 121.12209813000004, 14.785598690000143 ], [ 121.122314303000053, 14.78564904600006 ], [ 121.122495582000056, 14.785730658000034 ], [ 121.122639529000139, 14.785883365000188 ], [ 121.122683147000203, 14.786068645000057 ], [ 121.122751200000039, 14.786421377000067 ], [ 121.122767739000096, 14.786587939000185 ], [ 121.122870903000262, 14.786780906999979 ], [ 121.122987285000136, 14.786868305000098 ], [ 121.123168840000176, 14.78696062500012 ], [ 121.12337789500009, 14.786954750000064 ], [ 121.123586340000088, 14.786889014000167 ], [ 121.123780403000069, 14.786865240000111 ], [ 121.124054787000205, 14.786866235000105 ], [ 121.124239165000176, 14.786943839000173 ], [ 121.124500230000194, 14.78704377300005 ], [ 121.124733513000024, 14.787225184000079 ], [ 121.124911722000093, 14.787431802000128 ], [ 121.124982528000146, 14.787605040000074 ], [ 121.124853870000152, 14.787795526000025 ], [ 121.124715902000048, 14.788030915000036 ], [ 121.124678398000015, 14.788204125000163 ], [ 121.124836873000049, 14.788446461000149 ], [ 121.124967853000044, 14.788449633000027 ], [ 121.125122158000067, 14.788314497000044 ], [ 121.125198779000016, 14.788177423000093 ], [ 121.125300554000091, 14.787929077000115 ], [ 121.125313937000101, 14.787737038000159 ], [ 121.125355126000045, 14.787554911000086 ], [ 121.125421839000296, 14.787412078000102 ], [ 121.125506599000232, 14.787284415999977 ], [ 121.125507146000018, 14.787157948000186 ], [ 121.125674629000059, 14.78705925100013 ], [ 121.125824014000273, 14.787052242000129 ], [ 121.126022564000209, 14.787093594 ], [ 121.126302163000105, 14.787196261000076 ], [ 121.126550094000095, 14.787174044000096 ], [ 121.126782327000114, 14.787329171000067 ], [ 121.126965505000157, 14.787478795000027 ], [ 121.127081511000142, 14.78771943400011 ], [ 121.127217397000209, 14.787878603000024 ], [ 121.127291477000085, 14.787994869000102 ], [ 121.127352189000021, 14.78822385400008 ], [ 121.127427780000062, 14.788388025000074 ], [ 121.127495098000168, 14.788642172000095 ], [ 121.127473228000099, 14.788845005999974 ], [ 121.127455080000232, 14.789083635999987 ], [ 121.127410254000097, 14.78924196000014 ], [ 121.127293033000228, 14.789351058000136 ], [ 121.126996052000095, 14.78939324300012 ], [ 121.12668246800024, 14.789593031000152 ], [ 121.12642145000018, 14.789848120000045 ], [ 121.126176513000019, 14.790079610000191 ], [ 121.126053922000096, 14.790328878000025 ], [ 121.125977768000212, 14.790629115000058 ], [ 121.125897809000094, 14.790909782000142 ], [ 121.125885454000013, 14.791129953000109 ], [ 121.125944395000033, 14.79130281700003 ], [ 121.125872549000292, 14.79150640600011 ], [ 121.125627687000133, 14.791771771000128 ], [ 121.125470080000127, 14.792026148000105 ], [ 121.125385354000059, 14.79215381 ], [ 121.125298729000065, 14.792247305000046 ], [ 121.125079262000099, 14.792416666000122 ], [ 121.124936152000032, 14.792617219000078 ], [ 121.12482925200004, 14.792828989000043 ], [ 121.124860779000073, 14.792960555999969 ], [ 121.124999194000111, 14.793137003000083 ], [ 121.125180723000085, 14.793286539000064 ], [ 121.125376864000032, 14.793430268000122 ], [ 121.125511930000016, 14.793480205000094 ], [ 121.125649570000064, 14.79350670700012 ], [ 121.12579225800016, 14.79351560200007 ], [ 121.125904124000158, 14.793596183000091 ], [ 121.12600723800017, 14.793599825 ], [ 121.126155202000177, 14.793453142000033 ], [ 121.126208389000226, 14.79329436200004 ], [ 121.126373027000113, 14.793045476999964 ], [ 121.126527439000142, 14.792835540000112 ], [ 121.126716320000014, 14.792649347000065 ], [ 121.126861939000264, 14.792524103 ], [ 121.126957493000191, 14.792406811999967 ], [ 121.127043761000209, 14.792310284000166 ], [ 121.127110311000024, 14.79216187500009 ], [ 121.127140130000271, 14.791835021 ], [ 121.127199821000204, 14.791696634 ], [ 121.127275858000189, 14.791552143000047 ], [ 121.127343782000253, 14.791465386000084 ], [ 121.127446792000114, 14.791417301000081 ], [ 121.127608640000176, 14.791336192000074 ], [ 121.12776327600011, 14.791386668000143 ], [ 121.12795965100031, 14.791600450999965 ], [ 121.128027932, 14.791922734000082 ], [ 121.128057039000055, 14.792233302 ], [ 121.127992046000031, 14.792500312000072 ], [ 121.127813359000129, 14.792877808000071 ], [ 121.127659268000116, 14.79314026600008 ], [ 121.127509184000132, 14.793297236000114 ], [ 121.127345844000047, 14.793427899 ], [ 121.127128833000143, 14.793499539999971 ], [ 121.126970483000036, 14.793629526000075 ], [ 121.1269273260001, 14.79388209800004 ], [ 121.127140653000083, 14.794139433999987 ], [ 121.127402693000022, 14.794361650999974 ], [ 121.127698194000118, 14.794501964000176 ], [ 121.127788472000134, 14.794525718000159 ], [ 121.127908646000265, 14.79452560600015 ], [ 121.128069782000125, 14.794474380000167 ], [ 121.128192367000224, 14.794402703 ], [ 121.128232027000081, 14.79426405300012 ], [ 121.128269604000138, 14.793924168000103 ], [ 121.128354977000185, 14.793604911000102 ], [ 121.128467139, 14.793437347000065 ], [ 121.128564475000076, 14.793290980000165 ], [ 121.128671258000168, 14.793206722000093 ], [ 121.128840147, 14.793097315000182 ], [ 121.129007813000044, 14.793050940000171 ], [ 121.129289037000035, 14.793042626000044 ], [ 121.129531352000072, 14.793101461 ], [ 121.129880364000201, 14.79323555700006 ], [ 121.130179739000027, 14.793413317000045 ], [ 121.130301823000309, 14.793681396000125 ], [ 121.130348803000288, 14.794005259000187 ], [ 121.130110799000136, 14.794374659000027 ], [ 121.12982071600004, 14.79453825000013 ], [ 121.129405923000036, 14.79481878200005 ], [ 121.129359445000318, 14.795295809000038 ], [ 121.129362251000202, 14.7957742480001 ], [ 121.129423800000041, 14.796168355000077 ], [ 121.129456280000113, 14.796324471000048 ], [ 121.129506461, 14.79644246700002 ], [ 121.129487397000048, 14.796522748000029 ], [ 121.129379702000165, 14.7965946220001 ], [ 121.129346890000079, 14.796673821000184 ], [ 121.129381293000165, 14.79676678900006 ], [ 121.129457996000042, 14.79687008999997 ], [ 121.129641262000064, 14.796970849000047 ], [ 121.129922590000092, 14.797021729 ], [ 121.130168745000105, 14.797038808000082 ], [ 121.130279209000037, 14.796986461000131 ], [ 121.130267667000112, 14.796886196000059 ], [ 121.13026595000008, 14.79671669600009 ], [ 121.130213835000177, 14.796452709000164 ], [ 121.130304319000174, 14.796295454000017 ], [ 121.130571866000196, 14.796333056000151 ], [ 121.130672138000136, 14.796436777999986 ], [ 121.130707518, 14.796561237999981 ], [ 121.130779814000334, 14.79670094700009 ], [ 121.130979707000051, 14.796920311000122 ], [ 121.131170877000272, 14.797227056000054 ], [ 121.131317800000261, 14.797309656000095 ], [ 121.131611116000045, 14.797349725000117 ], [ 121.131974423000315, 14.797554485000035 ], [ 121.132120818000089, 14.797749528000111 ], [ 121.132122118000211, 14.797882745000038 ], [ 121.132081735000156, 14.798062298000048 ], [ 121.132005235000065, 14.798242611000148 ], [ 121.13192815900004, 14.798363397000173 ], [ 121.131806128000335, 14.798639517000083 ], [ 121.131767451000087, 14.798744355000053 ], [ 121.131754871000112, 14.798940638000033 ], [ 121.131732131000035, 14.799118588000056 ], [ 121.131769098000291, 14.799349451000069 ], [ 121.131949593000058, 14.799445700000092 ], [ 121.132057755000119, 14.799437685000044 ], [ 121.132144231000211, 14.799411811000027 ], [ 121.132233678000034, 14.799349472000131 ], [ 121.132408902000293, 14.799192068000082 ], [ 121.132598945000154, 14.799057679000043 ], [ 121.132768091000116, 14.799013767000133 ], [ 121.132924668000214, 14.799084734000076 ], [ 121.133061290000114, 14.799190240000087 ], [ 121.133120911000105, 14.799252548000084 ], [ 121.133366036000098, 14.799380536000058 ], [ 121.133562936000089, 14.79950356500018 ], [ 121.133792161000088, 14.79964783000014 ], [ 121.133969224000111, 14.79976668900008 ], [ 121.133993099, 14.799925528000188 ], [ 121.134034253000095, 14.80010396800003 ], [ 121.13400640600014, 14.800206407000076 ], [ 121.134017604000178, 14.800304717000017 ], [ 121.134032031000061, 14.800367817000108 ], [ 121.134075774000053, 14.800436439000123 ], [ 121.13417688200002, 14.800590217000035 ], [ 121.134314792000055, 14.800724279000121 ], [ 121.134468348000041, 14.800877984000124 ], [ 121.134582400000227, 14.801027468000086 ], [ 121.1346018280002, 14.801159885000118 ], [ 121.134617827000056, 14.80126250800015 ], [ 121.134744807000061, 14.801414775000069 ], [ 121.134857552000085, 14.801478318000079 ], [ 121.134928201000093, 14.801479268000151 ], [ 121.135024679000139, 14.801471555000148 ], [ 121.135160583000015, 14.801445473000115 ], [ 121.135368690000064, 14.801420375000134 ], [ 121.135549883000067, 14.801399136999976 ], [ 121.135724892000212, 14.801409144000047 ], [ 121.135884925000028, 14.8014465440001 ], [ 121.136011522000103, 14.801437904000068 ], [ 121.136115841000105, 14.801379404000045 ], [ 121.136246530000221, 14.801332432000095 ], [ 121.13649333900014, 14.801305573999969 ], [ 121.136633, 14.801302709000026 ], [ 121.136772128000189, 14.801354218000085 ], [ 121.136865813000213, 14.801465402000076 ], [ 121.136933986000031, 14.801610019 ], [ 121.137005648000013, 14.801772266000057 ], [ 121.13710125800003, 14.801944090000063 ], [ 121.13720360800005, 14.802104105000069 ], [ 121.137315101000127, 14.802368170000136 ], [ 121.137394287000234, 14.802600927000128 ], [ 121.137388774000215, 14.802730532000112 ], [ 121.137347500000033, 14.802761401999987 ], [ 121.137241460000155, 14.802786342000104 ], [ 121.137151264000067, 14.802833816000145 ], [ 121.137056615, 14.802929719000133 ], [ 121.136945049000019, 14.803063371 ], [ 121.136933070000168, 14.803202666000118 ], [ 121.136977215000229, 14.803357104000099 ], [ 121.137059814000054, 14.803499562000127 ], [ 121.137147577000064, 14.803652908000061 ], [ 121.137332362000166, 14.803775250000058 ], [ 121.137433625000085, 14.803811643000131 ], [ 121.137652597000283, 14.803797358000111 ], [ 121.137871479000069, 14.803762808999977 ], [ 121.138089494000155, 14.803731814000173 ], [ 121.138246654000113, 14.80365895 ], [ 121.138411146000067, 14.803530008000166 ], [ 121.13848913400011, 14.803442966000091 ], [ 121.138584863, 14.803292973 ], [ 121.138686035000205, 14.803162146000091 ], [ 121.138732230000187, 14.803146185000116 ], [ 121.138887854000131, 14.803144925000026 ], [ 121.139050803000032, 14.803223311000124 ], [ 121.139316333000124, 14.803332079000029 ], [ 121.13959417600006, 14.803444500000012 ], [ 121.139826946000198, 14.803610435000166 ], [ 121.139999314000079, 14.803698153000141 ], [ 121.140216919000181, 14.803875672000174 ], [ 121.14034779900021, 14.803898126000092 ], [ 121.140448249000315, 14.803835929000172 ], [ 121.140538564000053, 14.80375537599997 ], [ 121.140648802000101, 14.803749707000122 ], [ 121.140759683000169, 14.803824761000158 ], [ 121.140827066000156, 14.803983425000126 ], [ 121.142953384000066, 14.804034079000076 ], [ 121.143188300000133, 14.804041920000088 ], [ 121.143659475000277, 14.803922391000071 ], [ 121.145445940000059, 14.802846202000069 ], [ 121.146729679000146, 14.802121063000016 ], [ 121.147818649000328, 14.801415686000041 ], [ 121.150529629000062, 14.801784266000141 ], [ 121.151881489000061, 14.803293339000049 ], [ 121.152130964000207, 14.803468098000053 ], [ 121.154676830000312, 14.805253077000032 ], [ 121.155958125000211, 14.807303648000129 ], [ 121.160278660000017, 14.810089310000023 ], [ 121.160995060000118, 14.811201772000061 ], [ 121.160573186000079, 14.809570342000086 ] ] ] } },
{ "type": "Feature", "properties": { "adm4_name": "Manggahan", "adm4_name1": null, "adm4_name2": null, "adm4_name3": null, "adm4_pcode": "PH0405808005", "adm3_name": "Rodriguez (Montalban)", "adm3_name1": null, "adm3_name2": null, "adm3_name3": null, "adm3_pcode": "PH0405808", "adm2_name": "Rizal", "adm2_name1": null, "adm2_name2": null, "adm2_name3": null, "adm2_pcode": "PH04058", "adm1_name": "Region IV-A (Calabarzon)", "adm1_name1": null, "adm1_name2": null, "adm1_name3": null, "adm1_pcode": "PH04", "adm0_name": "Philippines", "adm0_name1": null, "adm0_name2": null, "adm0_name3": null, "adm0_pcode": "PH", "valid_on": "2025-02-13", "valid_to": null, "area_sqkm": 1.85000771, "version": "v03", "lang": "en", "lang1": null, "lang2": null, "lang3": null, "adm4_ref_n": "Manggahan", "center_lat": 14.7214872, "center_lon": 121.14863556 }, "geometry": { "type": "Polygon", "coordinates": [ [ [ 121.139880465000033, 14.729784243000097 ], [ 121.13997947900009, 14.729758706000041 ], [ 121.140353401000084, 14.729679870000098 ], [ 121.140626109000095, 14.729622374000144 ], [ 121.140779038000119, 14.729590131000066 ], [ 121.141019387000142, 14.729539457000101 ], [ 121.141102654000065, 14.729521901000112 ], [ 121.141366061000099, 14.729466365000121 ], [ 121.141514139000037, 14.729435145000025 ], [ 121.142597297000179, 14.729211400000054 ], [ 121.144088682000188, 14.728896947000067 ], [ 121.144243581000069, 14.729343388000132 ], [ 121.144327034000185, 14.729559884000139 ], [ 121.144811200000049, 14.729396600000086 ], [ 121.145541, 14.729124300000137 ], [ 121.145635900000116, 14.729120599999987 ], [ 121.145819500000016, 14.729205800000159 ], [ 121.146056600000065, 14.729101600000035 ], [ 121.146836000000121, 14.728818800000113 ], [ 121.147000837000178, 14.72874968300016 ], [ 121.147317700000031, 14.728644600000052 ], [ 121.147544400000129, 14.728447200000062 ], [ 121.147793300000103, 14.727907600000037 ], [ 121.147879100000068, 14.72765030000005 ], [ 121.147964900000261, 14.727572300000134 ], [ 121.148041, 14.727809100000059 ], [ 121.148128108000265, 14.728041751000035 ], [ 121.148137000000133, 14.728065500000127 ], [ 121.148193635000098, 14.728174320000051 ], [ 121.148250300000086, 14.728283200000021 ], [ 121.148608328000023, 14.729399080000121 ], [ 121.14891485700025, 14.729337301000101 ], [ 121.148980696000081, 14.729590898000026 ], [ 121.149109700000167, 14.729562100000123 ], [ 121.150055300000076, 14.72924310000019 ], [ 121.150295500000198, 14.729159200000026 ], [ 121.150339600000279, 14.72904050000011 ], [ 121.150220423000064, 14.728831396000089 ], [ 121.150102185000264, 14.728610787000036 ], [ 121.150278321000087, 14.728489663000119 ], [ 121.150229018000232, 14.728400258000079 ], [ 121.150201285000094, 14.728340654000135 ], [ 121.15192856200008, 14.727426355000091 ], [ 121.151895749000118, 14.727342188000137 ], [ 121.151861509000014, 14.727216627000132 ], [ 121.151803016000031, 14.727104864000012 ], [ 121.151671763000081, 14.726802689000181 ], [ 121.151601857000173, 14.726631594000139 ], [ 121.151584737, 14.726550186000168 ], [ 121.15158759000019, 14.726515691000031 ], [ 121.151621830000181, 14.726470158000097 ], [ 121.151700296000058, 14.726398409000126 ], [ 121.151787323000121, 14.726326659000051 ], [ 121.15184724300002, 14.726270087000159 ], [ 121.151855803000103, 14.726219034999986 ], [ 121.151830123000082, 14.726166603000138 ], [ 121.151735963000078, 14.726092092999977 ], [ 121.151653217000217, 14.726053459000184 ], [ 121.151507697000056, 14.725915479000093 ], [ 121.151424951000081, 14.725829931000135 ], [ 121.152088486000025, 14.725235434000069 ], [ 121.152880451000101, 14.724570485000015 ], [ 121.153135736000195, 14.724362863000067 ], [ 121.153243071000134, 14.724228189000144 ], [ 121.153338803000224, 14.724017762000017 ], [ 121.153417130000207, 14.723956036000061 ], [ 121.153466446000039, 14.723919562000106 ], [ 121.153614395000091, 14.723838197000191 ], [ 121.153684019000025, 14.723779277000119 ], [ 121.153678237, 14.723707061000027 ], [ 121.153036224000289, 14.723077940999985 ], [ 121.152510486000097, 14.721954850000088 ], [ 121.151498, 14.720261400000084 ], [ 121.151619200000141, 14.720258400000034 ], [ 121.151873500000193, 14.720164100000034 ], [ 121.152406021000274, 14.719931697999982 ], [ 121.153173400000128, 14.719596799999977 ], [ 121.154258900000059, 14.719191099999989 ], [ 121.153909000000226, 14.718513900000119 ], [ 121.153262197000117, 14.717315279000161 ], [ 121.151869334000025, 14.714734095000097 ], [ 121.151485362000017, 14.714022538000108 ], [ 121.151409447000106, 14.713904870000135 ], [ 121.151371490000088, 14.713809977000039 ], [ 121.151360103000115, 14.713684717000149 ], [ 121.150348751000024, 14.713156267000102 ], [ 121.150320072000113, 14.713190007000037 ], [ 121.150279584000145, 14.713213625000037 ], [ 121.150228974000015, 14.713250738 ], [ 121.150183425000023, 14.713276043000064 ], [ 121.150129441000217, 14.71330134800013 ], [ 121.150080519000085, 14.713291225999967 ], [ 121.150014726000222, 14.713291225999967 ], [ 121.149953994000043, 14.713274356 ], [ 121.149906758000043, 14.713252425000064 ], [ 121.149778547000096, 14.713190007000037 ], [ 121.149716128000023, 14.713161328000069 ], [ 121.14964696200002, 14.713136023 ], [ 121.14958454300006, 14.713129275000028 ], [ 121.149530559000027, 14.713109031000101 ], [ 121.1494006610003, 14.713137710000069 ], [ 121.149312937000332, 14.713151206000134 ], [ 121.149267388000226, 14.713151206000134 ], [ 121.14919147400019, 14.71317145 ], [ 121.14914423800019, 14.713176511000029 ], [ 121.149113872000157, 14.713174824000134 ], [ 121.149051453000197, 14.713195068 ], [ 121.149026148000189, 14.713195068 ], [ 121.148990721000132, 14.713210251000135 ], [ 121.148968791000129, 14.713223747000029 ], [ 121.148938425000097, 14.713213625000037 ], [ 121.148881067000161, 14.713235556000029 ], [ 121.148840579000193, 14.713262547 ], [ 121.148820335000096, 14.713292913000032 ], [ 121.148798404000104, 14.713323279000065 ], [ 121.148779847000128, 14.71334521 ], [ 121.148754542, 14.713390759000163 ], [ 121.148747794000201, 14.713424499000098 ], [ 121.148742734000166, 14.713475108000125 ], [ 121.148756229000128, 14.713527405000093 ], [ 121.148754542, 14.713562832000093 ], [ 121.148764664000169, 14.713599946000159 ], [ 121.148769725000193, 14.713638747000061 ], [ 121.148749481000095, 14.713679235000029 ], [ 121.148749481000095, 14.713706226000056 ], [ 121.148757916000022, 14.713723096000024 ], [ 121.14875960300003, 14.713778767000122 ], [ 121.148764664000169, 14.713807446000089 ], [ 121.148773099000095, 14.713844560000098 ], [ 121.148737673000028, 14.71389010900009 ], [ 121.148695498000166, 14.713942826999983 ], [ 121.148752434000016, 14.713992172000076 ], [ 121.148835940000026, 14.714026333000163 ], [ 121.14895360800017, 14.714102248000131 ], [ 121.149052297000253, 14.714178163000099 ], [ 121.149244600000088, 14.714245400000095 ], [ 121.149466032000078, 14.714341379000132 ], [ 121.149665300000265, 14.714478400000189 ], [ 121.149882600000296, 14.714628500000174 ], [ 121.150087500000041, 14.714786500000059 ], [ 121.150156300000049, 14.714875599999971 ], [ 121.150076600000034, 14.7149554 ], [ 121.149990500000172, 14.714964800000075 ], [ 121.149887300000159, 14.714946000000111 ], [ 121.14977470000008, 14.71498820000005 ], [ 121.149501000000214, 14.715238399999976 ], [ 121.149388400000134, 14.715333800000053 ], [ 121.149336800000128, 14.715433900000164 ], [ 121.149352500000191, 14.715455800000029 ], [ 121.149405600000136, 14.715488700000094 ], [ 121.149527600000056, 14.715535600000067 ], [ 121.149651200000335, 14.715554300000179 ], [ 121.149696500000232, 14.715576200000044 ], [ 121.149782500000015, 14.715641900000151 ], [ 121.149818500000151, 14.715704500000186 ], [ 121.149821600000223, 14.715763900000127 ], [ 121.149791900000082, 14.715814 ], [ 121.149757500000078, 14.715871800000173 ], [ 121.1497544, 14.715973500000075 ], [ 121.149737200000345, 14.7161799000001 ], [ 121.149751300000275, 14.716253400000141 ], [ 121.149756000000139, 14.716394200000025 ], [ 121.149746600000071, 14.716506800000104 ], [ 121.149781, 14.716553700000077 ], [ 121.149768500000278, 14.716619400000013 ], [ 121.149734100000273, 14.716639700000087 ], [ 121.149660600000061, 14.716655300000184 ], [ 121.149588600000129, 14.716661600000123 ], [ 121.149508900000114, 14.716663200000085 ], [ 121.149393100000111, 14.716661600000123 ], [ 121.149325900000122, 14.716671 ], [ 121.149266500000181, 14.7167288 ], [ 121.149152300000083, 14.716883700000039 ], [ 121.1490741, 14.717033800000024 ], [ 121.149003700000094, 14.717180800000108 ], [ 121.148909900000149, 14.717356 ], [ 121.148870800000054, 14.717381000000159 ], [ 121.148812900000053, 14.717435700000067 ], [ 121.14875510000013, 14.717540500000041 ], [ 121.148708100000135, 14.71767970000019 ], [ 121.148672200000192, 14.71775010000016 ], [ 121.148587700000121, 14.717843900000105 ], [ 121.148511100000178, 14.717908 ], [ 121.148437600000079, 14.718044100000157 ], [ 121.148388600000317, 14.718250000000126 ], [ 121.148371500000167, 14.718350500000099 ], [ 121.148374900000249, 14.718469700000185 ], [ 121.148436200000219, 14.718531 ], [ 121.148521400000163, 14.718576900000187 ], [ 121.148586100000102, 14.718636500000116 ], [ 121.148640600000022, 14.718748900000037 ], [ 121.148638900000037, 14.7189464 ], [ 121.148630300000036, 14.719188200000133 ], [ 121.148599700000204, 14.719307400000048 ], [ 121.148524800000018, 14.719360200000153 ], [ 121.148347700000159, 14.719455500000038 ], [ 121.148158700000181, 14.719624100000146 ], [ 121.148092300000144, 14.719707500000084 ], [ 121.148044600000276, 14.719787600000132 ], [ 121.148012300000119, 14.719928900000127 ], [ 121.148029300000076, 14.72010430000006 ], [ 121.148111, 14.720320500000184 ], [ 121.148075300000187, 14.720523100000094 ], [ 121.14803530000006, 14.720656800000143 ], [ 121.147918600000025, 14.720778500000051 ], [ 121.147763700000155, 14.7209454 ], [ 121.147600200000284, 14.721049300000118 ], [ 121.147510000000125, 14.721074800000054 ], [ 121.14730730000008, 14.721057800000096 ], [ 121.147113200000149, 14.721056100000112 ], [ 121.147028100000057, 14.7210612 ], [ 121.14691740000012, 14.721018600000036 ], [ 121.146825500000091, 14.720940300000166 ], [ 121.146782900000176, 14.720812600000045 ], [ 121.146662000000106, 14.7206577 ], [ 121.14655810000022, 14.72046180000018 ], [ 121.146513900000286, 14.720417600000076 ], [ 121.146396400000185, 14.720344400000045 ], [ 121.146311200000014, 14.720295 ], [ 121.146231200000216, 14.720308600000124 ], [ 121.146164800000179, 14.7203869 ], [ 121.146028600000136, 14.720553800000118 ], [ 121.14601330000005, 14.72062700000015 ], [ 121.146009900000195, 14.720681500000069 ], [ 121.14598090000004, 14.72074450000008 ], [ 121.14592980000009, 14.720814300000029 ], [ 121.145839600000272, 14.720914800000173 ], [ 121.145747600000163, 14.721059500000081 ], [ 121.145684600000095, 14.721161700000152 ], [ 121.1455161, 14.721263800000088 ], [ 121.145396900000037, 14.721311500000127 ], [ 121.145293, 14.721364300000062 ], [ 121.145209600000044, 14.721364300000062 ], [ 121.145122700000115, 14.721376200000122 ], [ 121.14507, 14.721434100000124 ], [ 121.145022300000164, 14.721519200000103 ], [ 121.144996700000206, 14.721592400000077 ], [ 121.144995000000222, 14.721698000000117 ], [ 121.144988200000171, 14.721752500000036 ], [ 121.144913300000212, 14.721798500000091 ], [ 121.144775400000185, 14.721861500000159 ], [ 121.144636800000058, 14.721918100000039 ], [ 121.144514300000083, 14.721928300000172 ], [ 121.144375279000201, 14.721920125000111 ], [ 121.144254100000012, 14.721913000000143 ], [ 121.144136700000104, 14.721869700000127 ], [ 121.143871400000307, 14.722106900000028 ], [ 121.143407000000252, 14.722543200000075 ], [ 121.143223169000066, 14.722675223000067 ], [ 121.143190200000049, 14.722698900000182 ], [ 121.143044700000132, 14.722915700000158 ], [ 121.142853400000149, 14.723142800000119 ], [ 121.14265690000002, 14.723344400000087 ], [ 121.142565000000218, 14.723405600000035 ], [ 121.142412, 14.723479600000076 ], [ 121.14222570000004, 14.72354590000009 ], [ 121.142026700000088, 14.723551100000179 ], [ 121.141868500000328, 14.723515300000031 ], [ 121.141647700000021, 14.723526688999982 ], [ 121.141473000000133, 14.723535700000127 ], [ 121.141169400000081, 14.723540800000023 ], [ 121.140870900000209, 14.723561300000085 ], [ 121.1408462280001, 14.723559711000064 ], [ 121.140773900000227, 14.723556200000019 ], [ 121.14067440000008, 14.723489800000038 ], [ 121.140603, 14.723456600000134 ], [ 121.140546900000231, 14.72345410000014 ], [ 121.140464523000105, 14.723421619000021 ], [ 121.140462700000057, 14.723420900000065 ], [ 121.140404261000072, 14.723366429000066 ], [ 121.140347800000086, 14.723313800000085 ], [ 121.14025151400017, 14.723196342000108 ], [ 121.140138600000228, 14.723058600000059 ], [ 121.140115711000021, 14.723019810000096 ], [ 121.140086335000092, 14.722970025000109 ], [ 121.14004705900004, 14.722903464000012 ], [ 121.139998555000034, 14.722821264000174 ], [ 121.139896200000067, 14.7226478 ], [ 121.13987804400017, 14.722582999000053 ], [ 121.139861448000033, 14.72252376300014 ], [ 121.139582400000222, 14.721527800000104 ], [ 121.139424200000235, 14.721037900000056 ], [ 121.139217600000052, 14.720448500000145 ], [ 121.139010900000017, 14.720025 ], [ 121.138676700000019, 14.719624400000157 ], [ 121.138631571000133, 14.719584425000107 ], [ 121.138587400000119, 14.7195453 ], [ 121.138538900000185, 14.7195198 ], [ 121.13843680000025, 14.7195198 ], [ 121.138207200000124, 14.71955040000006 ], [ 121.137988009000196, 14.719574539 ], [ 121.137970139000117, 14.719576507 ], [ 121.137755900000229, 14.719600100000093 ], [ 121.137466600000266, 14.7196560000001 ], [ 121.137439090000157, 14.719661421000126 ], [ 121.13709770000014, 14.719728700000076 ], [ 121.1368989, 14.719814400000075 ], [ 121.136652500000082, 14.719870300000082 ], [ 121.136507300000289, 14.719895300000189 ], [ 121.136375200000202, 14.719904800000108 ], [ 121.136257300000011, 14.719888100000105 ], [ 121.136178800000152, 14.719825100000037 ], [ 121.136107400000242, 14.719745300000056 ], [ 121.136025200000063, 14.719558400000039 ], [ 121.135999000000197, 14.719429900000023 ], [ 121.136031900000035, 14.719314400000087 ], [ 121.135981100000095, 14.719179200000099 ], [ 121.135763800000063, 14.718988500000137 ], [ 121.135721000000103, 14.718959600000062 ], [ 121.135591600000225, 14.718919200000073 ], [ 121.135524600000167, 14.718913400000133 ], [ 121.135417100000154, 14.718912200000034 ], [ 121.135238, 14.718923800000084 ], [ 121.135157100000129, 14.718935300000169 ], [ 121.1350658, 14.718975800000123 ], [ 121.13500230000011, 14.719042800000182 ], [ 121.134997600000133, 14.719169900000054 ], [ 121.135021300000062, 14.719349 ], [ 121.134997500000054, 14.719444700000054 ], [ 121.134956000000216, 14.719506200000126 ], [ 121.134916800000155, 14.719527 ], [ 121.134840500000223, 14.719543200000032 ], [ 121.134736500000145, 14.719545500000038 ], [ 121.134642900000017, 14.719554800000083 ], [ 121.134471800000142, 14.719629900000086 ], [ 121.134395600000062, 14.719709600000101 ], [ 121.134342400000037, 14.719815900000185 ], [ 121.134492699000134, 14.720007954000096 ], [ 121.13458886, 14.720113732000129 ], [ 121.134675406000042, 14.720233935000067 ], [ 121.134675406000042, 14.720378177999976 ], [ 121.134685022000326, 14.720584926000072 ], [ 121.134728295000059, 14.720926301000134 ], [ 121.134713871000145, 14.721065736000014 ], [ 121.134709063000059, 14.721315757000013 ], [ 121.134723487000088, 14.721455192000121 ], [ 121.134761952000304, 14.721647516000019 ], [ 121.134992741000133, 14.72183983900004 ], [ 121.135233146000019, 14.721964850000177 ], [ 121.135430278000172, 14.722089861000143 ], [ 121.135632218000183, 14.722258144000136 ], [ 121.135661066000125, 14.72234469000017 ], [ 121.135603369000023, 14.722561054000153 ], [ 121.135425469000097, 14.722748570000022 ], [ 121.135314883000092, 14.722936086000061 ], [ 121.135165832000325, 14.723147642000185 ], [ 121.135036014000093, 14.723272653000095 ], [ 121.13483407300032, 14.723508249000076 ], [ 121.134694639000145, 14.723695765000116 ], [ 121.134641750000128, 14.723979443000133 ], [ 121.13462732500011, 14.724215040000047 ], [ 121.134728295000059, 14.72429677700012 ], [ 121.134742720000304, 14.724469869000075 ], [ 121.134790801000122, 14.724691041000085 ], [ 121.134858114000053, 14.724917022 ], [ 121.134891771000298, 14.725003568000091 ], [ 121.134843690000139, 14.725104538000096 ], [ 121.134610338000016, 14.725369694000165 ], [ 121.134651968000071, 14.725651838999966 ], [ 121.134802837000052, 14.726045423000016 ], [ 121.13482289600006, 14.72610003 ], [ 121.13513189400021, 14.726194972000087 ], [ 121.135345607000204, 14.726187765000077 ], [ 121.13561151600004, 14.726145966999979 ], [ 121.135777829000062, 14.726150491 ], [ 121.135900429000117, 14.726188289000106 ], [ 121.136001357000055, 14.726215477999972 ], [ 121.13609800100005, 14.726250737000157 ], [ 121.136205140000015, 14.726242114000058 ], [ 121.136312479000253, 14.726212144000044 ], [ 121.136414003000141, 14.726212129000146 ], [ 121.136459559000173, 14.726300660000106 ], [ 121.136443816000224, 14.726475866000044 ], [ 121.136468693000211, 14.726752765000128 ], [ 121.136503073000085, 14.726849806000075 ], [ 121.136562813000182, 14.726897220000069 ], [ 121.136641785000165, 14.726892909000185 ], [ 121.136761861000309, 14.72690825400008 ], [ 121.136862108000173, 14.726954775000138 ], [ 121.13688757500006, 14.727066540000067 ], [ 121.136746212000162, 14.727213735000078 ], [ 121.136696446000315, 14.727331949000074 ], [ 121.136719083000116, 14.727392951000127 ], [ 121.136756866000155, 14.727498843000035 ], [ 121.136813684000117, 14.727563504000159 ], [ 121.136883323000234, 14.727639441000122 ], [ 121.136960934000172, 14.72765823400016 ], [ 121.13704728100015, 14.727669069000058 ], [ 121.137150818000123, 14.727667524000026 ], [ 121.137227464000034, 14.727649284000108 ], [ 121.137324192000051, 14.727585729000111 ], [ 121.137409774000048, 14.72757346100019 ], [ 121.137517396000021, 14.727568823000126 ], [ 121.13762357200028, 14.727526046000037 ], [ 121.137742171000241, 14.727482603000112 ], [ 121.137838135000038, 14.72744391100008 ], [ 121.137924879000252, 14.727423913000052 ], [ 121.138033863000032, 14.727349749000155 ], [ 121.138166248000061, 14.727231150000023 ], [ 121.138231305000204, 14.727161176999971 ], [ 121.13844958500033, 14.727153326000121 ], [ 121.138585489000207, 14.727262537 ], [ 121.138656008000112, 14.727314929999977 ], [ 121.138710982000021, 14.727337807000026 ], [ 121.138766155000098, 14.72735781199998 ], [ 121.138810151000143, 14.727365329000179 ], [ 121.138858132000109, 14.727357706000191 ], [ 121.139132513000163, 14.727465314000028 ], [ 121.139320029000032, 14.727551860000062 ], [ 121.139407900000151, 14.727631500000086 ], [ 121.1394692, 14.72796180000006 ], [ 121.139599200000021, 14.728662200000088 ], [ 121.139655200000334, 14.728913600000112 ], [ 121.139690100000053, 14.729032100000154 ], [ 121.139731900000129, 14.729331700000046 ], [ 121.139719145000072, 14.729818373000114 ], [ 121.139880465000033, 14.729784243000097 ] ] ] } },
{ "type": "Feature", "properties": { "adm4_name": "Mascap", "adm4_name1": null, "adm4_name2": null, "adm4_name3": null, "adm4_pcode": "PH0405808006", "adm3_name": "Rodriguez (Montalban)", "adm3_name1": null, "adm3_name2": null, "adm3_name3": null, "adm3_pcode": "PH0405808", "adm2_name": "Rizal", "adm2_name1": null, "adm2_name2": null, "adm2_name3": null, "adm2_pcode": "PH04058", "adm1_name": "Region IV-A (Calabarzon)", "adm1_name1": null, "adm1_name2": null, "adm1_name3": null, "adm1_pcode": "PH04", "adm0_name": "Philippines", "adm0_name1": null, "adm0_name2": null, "adm0_name3": null, "adm0_pcode": "PH", "valid_on": "2025-02-13", "valid_to": null, "area_sqkm": 35.51307623, "version": "v03", "lang": "en", "lang1": null, "lang2": null, "lang3": null, "adm4_ref_n": "Mascap", "center_lat": 14.75026064, "center_lon": 121.21037458000001 }, "geometry": { "type": "Polygon", "coordinates": [ [ [ 121.17769450000003, 14.783259700000087 ], [ 121.177770400000099, 14.783124 ], [ 121.177874, 14.782949500000143 ], [ 121.177966700000184, 14.7828404 ], [ 121.178081200000065, 14.78270950000018 ], [ 121.178095712000186, 14.78270078800017 ], [ 121.17819030000021, 14.782644000000118 ], [ 121.178293900000085, 14.782633100000112 ], [ 121.178495700000099, 14.782655000000148 ], [ 121.178724800000055, 14.782644000000118 ], [ 121.178741200000104, 14.782562200000086 ], [ 121.178713900000162, 14.782485900000154 ], [ 121.178681200000142, 14.782393200000115 ], [ 121.178724045000081, 14.782312816000058 ], [ 121.178778627000156, 14.782284486000037 ], [ 121.178844800000206, 14.782251400000121 ], [ 121.178964800000017, 14.782224100000178 ], [ 121.179046600000333, 14.782229600000107 ], [ 121.179177500000151, 14.782256800000027 ], [ 121.179341100000215, 14.782273200000134 ], [ 121.179439300000013, 14.782240500000114 ], [ 121.179482900000039, 14.782169600000088 ], [ 121.179542900000229, 14.78209870000012 ], [ 121.179624700000204, 14.782087700000091 ], [ 121.179739200000085, 14.782142300000146 ], [ 121.179875600000059, 14.782196800000065 ], [ 121.180077400000187, 14.782202300000165 ], [ 121.180262800000037, 14.782169600000088 ], [ 121.180399200000011, 14.782153199999982 ], [ 121.180519100000311, 14.782115 ], [ 121.180655500000057, 14.78209870000012 ], [ 121.180846400000064, 14.782060500000114 ], [ 121.180966400000216, 14.781989600000145 ], [ 121.181037300000071, 14.782022300000165 ], [ 121.181091800000104, 14.78212590000004 ], [ 121.181168200000229, 14.782235000000185 ], [ 121.181222700000262, 14.782289500000104 ], [ 121.181326300000137, 14.78228409999997 ], [ 121.181419, 14.782224100000178 ], [ 121.181473600000118, 14.78209870000012 ], [ 121.181555400000093, 14.782000500000152 ], [ 121.181631700000025, 14.781984100000045 ], [ 121.181664500000011, 14.782049600000107 ], [ 121.181686300000251, 14.782180500000095 ], [ 121.181762600000184, 14.782235000000185 ], [ 121.181909900000278, 14.782196800000065 ], [ 121.182079, 14.782115 ], [ 121.18214990000024, 14.782104100000026 ], [ 121.182253500000115, 14.782153199999982 ], [ 121.18236260000026, 14.782142300000146 ], [ 121.182433500000116, 14.782027800000094 ], [ 121.182438900000193, 14.781951399999969 ], [ 121.182329900000013, 14.781869600000164 ], [ 121.182444400000122, 14.781766000000118 ], [ 121.18255350000004, 14.781716900000106 ], [ 121.182722500000068, 14.781733200000076 ], [ 121.182935200000202, 14.781673200000057 ], [ 121.183060700000283, 14.781602300000088 ], [ 121.1831916000001, 14.781487799999979 ], [ 121.183327900000222, 14.7813569 ], [ 121.18349700000033, 14.781226 ], [ 121.183627900000147, 14.781078800000103 ], [ 121.183753300000035, 14.781013299999984 ], [ 121.183976900000062, 14.780980600000134 ], [ 121.184342400000105, 14.781007900000077 ], [ 121.184544200000119, 14.781007900000077 ], [ 121.184773200000222, 14.780975100000035 ], [ 121.185193200000185, 14.780953300000021 ], [ 121.18550950000008, 14.780822400000034 ], [ 121.185545800000227, 14.7806893 ], [ 121.185504000000151, 14.78057160000003 ], [ 121.185531300000093, 14.7804188 ], [ 121.185580400000049, 14.780206099999987 ], [ 121.185580400000049, 14.7800153 ], [ 121.185482200000138, 14.779649800000186 ], [ 121.186681056000339, 14.777092090999986 ], [ 121.190833488000067, 14.773789778000094 ], [ 121.190788932000032, 14.773492038000143 ], [ 121.192545524000138, 14.77256194000006 ], [ 121.192515692000143, 14.772378696000033 ], [ 121.192517206000048, 14.772195697000086 ], [ 121.192550820000179, 14.771921445000089 ], [ 121.192773764000322, 14.771496167000123 ], [ 121.192775529000073, 14.771282669000186 ], [ 121.192810403000067, 14.770855918000166 ], [ 121.192906706000144, 14.770582156000046 ], [ 121.193159228000241, 14.770370620000165 ], [ 121.193315950000056, 14.770371847000149 ], [ 121.193472673000201, 14.770373073000087 ], [ 121.193662252000081, 14.770191546000092 ], [ 121.193663765000338, 14.770008547000089 ], [ 121.193729477000261, 14.769643041000052 ], [ 121.193888215000129, 14.769400269000073 ], [ 121.19413972600023, 14.769310731000132 ], [ 121.194327541, 14.769342702000188 ], [ 121.1947342630001, 14.769437387000096 ], [ 121.195079303000057, 14.769409582000037 ], [ 121.195393755000168, 14.769290033000175 ], [ 121.195426358000077, 14.769137779000175 ], [ 121.195506805000036, 14.769258224000112 ], [ 121.195627822, 14.769382218999965 ], [ 121.195818823000081, 14.769438604000129 ], [ 121.195965363000028, 14.769529103000082 ], [ 121.196109862000185, 14.769598101999975 ], [ 121.196269474000019, 14.76961349000004 ], [ 121.19643075800002, 14.769604678000178 ], [ 121.19658065100009, 14.769569670000124 ], [ 121.196752466000021, 14.769488393000074 ], [ 121.196925325000052, 14.769376444000102 ], [ 121.197071967000056, 14.769241865000083 ], [ 121.19721872200023, 14.7690596650001 ], [ 121.197311284000079, 14.768716316000052 ], [ 121.197532291000016, 14.768142613000066 ], [ 121.197781814000109, 14.767468669000095 ], [ 121.19813033600019, 14.76695336500012 ], [ 121.198454279000089, 14.766499651000061 ], [ 121.198729029000219, 14.766266084000165 ], [ 121.198846488000072, 14.766112126000053 ], [ 121.198857928000166, 14.765918828000054 ], [ 121.198817609000116, 14.765791832 ], [ 121.198886182000024, 14.765722833000098 ], [ 121.199008722000031, 14.765751093000119 ], [ 121.199234135000097, 14.765785901000129 ], [ 121.199317152000162, 14.76588665100013 ], [ 121.199548427000195, 14.766698241000142 ], [ 121.19962661600016, 14.767037061999986 ], [ 121.19965964000005, 14.767156740000132 ], [ 121.199804745000051, 14.767291707000027 ], [ 121.199906383000098, 14.767346308000185 ], [ 121.20001931600018, 14.767450050000093 ], [ 121.200112485000091, 14.767531951000024 ], [ 121.200307293000037, 14.767400909000173 ], [ 121.20051057000012, 14.767286247000129 ], [ 121.200623502000212, 14.767138824000085 ], [ 121.200792901000113, 14.766827598000077 ], [ 121.200913269000125, 14.76664823599998 ], [ 121.200651626000081, 14.766158978000021 ], [ 121.20076922200019, 14.765853078000077 ], [ 121.200896560000047, 14.765235579000091 ], [ 121.200972385000227, 14.765079938999975 ], [ 121.201153379000061, 14.764880012000049 ], [ 121.201251739000099, 14.764752696000187 ], [ 121.201247748000014, 14.764561139000079 ], [ 121.201028256000086, 14.76452921300006 ], [ 121.200873040000033, 14.764664316000164 ], [ 121.200621537000302, 14.764753862000077 ], [ 121.200402883000152, 14.764660653000135 ], [ 121.200279264000187, 14.764446176000035 ], [ 121.199842209000167, 14.764229258000057 ], [ 121.199655402000076, 14.76407529300019 ], [ 121.199468845000183, 14.763890828000115 ], [ 121.199251699000115, 14.76361461800019 ], [ 121.198907422000161, 14.763550930000065 ], [ 121.198437769000066, 14.763486264000051 ], [ 121.198127097000111, 14.763148321000017 ], [ 121.197942554000065, 14.762719856000047 ], [ 121.197726919000047, 14.762260647000119 ], [ 121.197352054000021, 14.762105212000165 ], [ 121.197198857000103, 14.761676992000048 ], [ 121.197170781000068, 14.761280250000084 ], [ 121.197299171000054, 14.760915229000034 ], [ 121.197646459000225, 14.760612921000074 ], [ 121.198086017000151, 14.76052484500002 ], [ 121.198242734000019, 14.760526067000171 ], [ 121.198401995000154, 14.760309370000073 ], [ 121.198586100000057, 14.76034748 ], [ 121.199119435000057, 14.76023143700013 ], [ 121.19943003800006, 14.760148486000105 ], [ 121.199715748000017, 14.760125531000028 ], [ 121.200071032000324, 14.759932795000111 ], [ 121.200309754000045, 14.759905440000068 ], [ 121.200483984000016, 14.759832051000103 ], [ 121.200713304000033, 14.759795172000167 ], [ 121.200938009000197, 14.759682988000122 ], [ 121.201080923000177, 14.759577874000115 ], [ 121.201319458000057, 14.75955052400019 ], [ 121.201718400000232, 14.759667769000032 ], [ 121.201949222000167, 14.759743219000029 ], [ 121.202068920000102, 14.759878444000094 ], [ 121.202143546000229, 14.75998917000004 ], [ 121.202530404000072, 14.759842985000091 ], [ 121.202746908000222, 14.759695696000108 ], [ 121.202833466000129, 14.759652352000046 ], [ 121.202931081000088, 14.759698501000059 ], [ 121.203165875000195, 14.759763104000172 ], [ 121.203320035000161, 14.759860003000085 ], [ 121.203436615000214, 14.76001299700016 ], [ 121.203504981000151, 14.760118183000145 ], [ 121.203588933000333, 14.76011760800003 ], [ 121.203725732000066, 14.760131850000107 ], [ 121.20407241700002, 14.760237685000106 ], [ 121.204289066000115, 14.760574889999987 ], [ 121.204663434000167, 14.760791313000084 ], [ 121.204787055000224, 14.761005788000148 ], [ 121.205102491000162, 14.760764222000034 ], [ 121.205198523000149, 14.760520953000082 ], [ 121.204981622000219, 14.760214249000114 ], [ 121.205140340000185, 14.759971467000071 ], [ 121.205452772000058, 14.76009590200016 ], [ 121.205671424000116, 14.760189106000041 ], [ 121.206079137000188, 14.760161770000138 ], [ 121.20629729000018, 14.760315973000161 ], [ 121.20635822600002, 14.760529960000042 ], [ 121.206735847000118, 14.760349880000035 ], [ 121.206895063000161, 14.760046097000043 ], [ 121.207586365000111, 14.759837947000051 ], [ 121.207995076000088, 14.759688608000033 ], [ 121.208434132000093, 14.759661511000047 ], [ 121.20887268800027, 14.759695412999974 ], [ 121.209500551000133, 14.759578272000169 ], [ 121.210065979000319, 14.759430143000088 ], [ 121.210599812000169, 14.759312271000056 ], [ 121.211101303000191, 14.759316154000146 ], [ 121.211757767000108, 14.759534749000181 ], [ 121.212038361000054, 14.759719933000042 ], [ 121.21241223800007, 14.759997345000102 ], [ 121.212627405000035, 14.760517544000038 ], [ 121.212779637000153, 14.761067758000138 ], [ 121.212933115000055, 14.761465472000168 ], [ 121.213275902000078, 14.761712139000053 ], [ 121.213430378000112, 14.761987853000107 ], [ 121.213429880000035, 14.76204885300001 ], [ 121.221230217000198, 14.760697893000156 ], [ 121.237804367000194, 14.766400760000124 ], [ 121.237648205000028, 14.765761960000191 ], [ 121.237430712000105, 14.765407062000122 ], [ 121.237294779000081, 14.765065307000043 ], [ 121.237349152000093, 14.764776129000097 ], [ 121.237675391000039, 14.764302929 ], [ 121.238912381000205, 14.763211935000129 ], [ 121.239809538000259, 14.762475839 ], [ 121.240230930000166, 14.762304960000165 ], [ 121.240842628000109, 14.762410116000183 ], [ 121.241209647000233, 14.762265526000078 ], [ 121.241467920000218, 14.761897477000105 ], [ 121.241427140000042, 14.761450559000082 ], [ 121.241209647000233, 14.760859050000079 ], [ 121.240992155000185, 14.760228104000078 ], [ 121.240951375, 14.75984690700011 ], [ 121.241155274000107, 14.759478854000122 ], [ 121.241631039000254, 14.759268537000025 ], [ 121.242365077000045, 14.759321116000024 ], [ 121.243194268000025, 14.759518288000152 ], [ 121.244540004000328, 14.760188670000048 ], [ 121.246443065000108, 14.761621440000113 ], [ 121.247136323000177, 14.762186658000132 ], [ 121.247734427000069, 14.76235753800006 ], [ 121.248115040000016, 14.762081501000068 ], [ 121.248278159000279, 14.761568861000114 ], [ 121.248101446000305, 14.760951062000061 ], [ 121.247516935000021, 14.760569866000139 ], [ 121.24656540400008, 14.760136091000049 ], [ 121.2457362130001, 14.75988634100014 ], [ 121.245532314000229, 14.75953143300012 ], [ 121.245600281000065, 14.759137089000149 ], [ 121.245831367000164, 14.759005642000034 ], [ 121.246144012000173, 14.758992497000065 ], [ 121.246769304000054, 14.759137089000149 ], [ 121.247258662000036, 14.759189669000079 ], [ 121.24778880100007, 14.758900483000104 ], [ 121.248264566000103, 14.75850613900019 ], [ 121.248427685000024, 14.758098649000033 ], [ 121.248386905000075, 14.757480839999971 ], [ 121.248250972000051, 14.75716536300007 ], [ 121.247843174000081, 14.756849885000065 ], [ 121.247367408000173, 14.756435819000103 ], [ 121.247394595000173, 14.756107195000084 ], [ 121.247530528000198, 14.75504245000019 ], [ 121.247408188, 14.754490358000169 ], [ 121.247013983000102, 14.752965525000036 ], [ 121.247115933000032, 14.752498871000171 ], [ 121.247482951000052, 14.752196532000085 ], [ 121.248529635000295, 14.752301694000096 ], [ 121.249290859000098, 14.752827501000183 ], [ 121.250215203000153, 14.753011533000119 ], [ 121.250813308000033, 14.753116694000028 ], [ 121.250949241000171, 14.75299838799998 ], [ 121.251017207000245, 14.752617178000094 ], [ 121.251030801000297, 14.752117661000057 ], [ 121.250840495000034, 14.751631287000123 ], [ 121.250493607000067, 14.75063554400009 ], [ 121.249996259000113, 14.749915841000131 ], [ 121.249501239000097, 14.748646080000128 ], [ 121.248808297000096, 14.747135569000136 ], [ 121.248617658000057, 14.747042449000048 ], [ 121.247801979000315, 14.747132600000157 ], [ 121.247197116000052, 14.747212990000037 ], [ 121.246776100000034, 14.747122424 ], [ 121.246714930000167, 14.746918668000035 ], [ 121.246600995000108, 14.74651078200003 ], [ 121.246776100000034, 14.746070780000025 ], [ 121.247214455000062, 14.745821033000084 ], [ 121.247730871000158, 14.745529985000132 ], [ 121.248210193000205, 14.745190025000113 ], [ 121.248747313000194, 14.744322052000143 ], [ 121.248733534000053, 14.744177809000178 ], [ 121.248516042, 14.744026634000022 ], [ 121.248101446000305, 14.744072644000084 ], [ 121.247088746000031, 14.744092362000117 ], [ 121.24673728900018, 14.743901544000153 ], [ 121.246592014000157, 14.743694496000046 ], [ 121.246341115000064, 14.743126152000116 ], [ 121.246468637000135, 14.742769880000139 ], [ 121.24668587300016, 14.742356494000035 ], [ 121.24721108600022, 14.742074489000061 ], [ 121.247699059000183, 14.742095388000109 ], [ 121.248482466000041, 14.742123440000114 ], [ 121.249386012000059, 14.742284822000158 ], [ 121.249605562000056, 14.742257807000101 ], [ 121.250405006000165, 14.742007418000128 ], [ 121.251778432000037, 14.741443489000062 ], [ 121.251998064000304, 14.74069039900013 ], [ 121.251995924000312, 14.740391818000035 ], [ 121.251757620000149, 14.739652240000112 ], [ 121.251559175000011, 14.739396739000028 ], [ 121.25121828500005, 14.739155210000035 ], [ 121.25106478400005, 14.739142952000066 ], [ 121.249820998000132, 14.739550477000137 ], [ 121.249052977000133, 14.739655645000141 ], [ 121.248468465000087, 14.73934014200006 ], [ 121.248060666000129, 14.738748572000134 ], [ 121.24815581900009, 14.738157 ], [ 121.248536432000037, 14.737986102000093 ], [ 121.249052977000133, 14.737736326 ], [ 121.249610302000065, 14.737210482000023 ], [ 121.250262780000071, 14.736632053000051 ], [ 121.25042589900022, 14.736027329000137 ], [ 121.250303560000134, 14.735593505000111 ], [ 121.249882167000123, 14.735396312000034 ], [ 121.249311249000129, 14.735659236000117 ], [ 121.248849077000045, 14.735882721000053 ], [ 121.248074260000067, 14.735895868000171 ], [ 121.247122729000239, 14.735409458000049 ], [ 121.246742117000053, 14.734765292000077 ], [ 121.246538218000069, 14.734160564000092 ], [ 121.246266352000021, 14.732306928000014 ], [ 121.245831367000164, 14.730558449000057 ], [ 121.245545907000178, 14.730387545000099 ], [ 121.245029362000196, 14.730466424000156 ], [ 121.244648750000124, 14.730282372000033 ], [ 121.241834939000114, 14.729270087000032 ], [ 121.241617446000078, 14.729072889000065 ], [ 121.24106012100026, 14.727705637999975 ], [ 121.240978561000134, 14.727284943000086 ], [ 121.241291207000017, 14.726193764000129 ], [ 121.241535886000065, 14.725312928000108 ], [ 121.24137276700003, 14.724642439000149 ], [ 121.241141681000045, 14.724287473000061 ], [ 121.240652322000187, 14.723985095000103 ], [ 121.240054218000068, 14.723827332000099 ], [ 121.24045999000009, 14.716980910000075 ], [ 121.231572003000224, 14.718226673000061 ], [ 121.205024901000115, 14.723721750000038 ], [ 121.197077431000025, 14.728557302000127 ], [ 121.194672501000127, 14.729487001000052 ], [ 121.193334620000201, 14.730878663000055 ], [ 121.192265750000047, 14.73230615000017 ], [ 121.191421331000242, 14.734030377000067 ], [ 121.185390891000111, 14.737408949000042 ], [ 121.183803615000215, 14.739639936000174 ], [ 121.180421577000175, 14.744393539999976 ], [ 121.180371456000216, 14.744621011000106 ], [ 121.180197962000079, 14.744867759000044 ], [ 121.180020612000135, 14.744960289000062 ], [ 121.179866394000101, 14.745037397999965 ], [ 121.179608080000094, 14.745133784000132 ], [ 121.179326634000063, 14.745222459000104 ], [ 121.179087597000262, 14.745288001 ], [ 121.178941090000308, 14.74534968800009 ], [ 121.178771451000216, 14.745380531000023 ], [ 121.178574824000066, 14.74534968800009 ], [ 121.178405185000088, 14.745264868000163 ], [ 121.178243257000076, 14.745210892000102 ], [ 121.17804663000004, 14.745191615000067 ], [ 121.177826870000104, 14.745222459000104 ], [ 121.177703496000049, 14.745280289999982 ], [ 121.177522291000059, 14.745291856000051 ], [ 121.177344941000115, 14.74521474800008 ], [ 121.177186868000149, 14.745087518000048 ], [ 121.174971600000163, 14.745179300000189 ], [ 121.17512180000017, 14.744940700000143 ], [ 121.175143200000093, 14.744608700000015 ], [ 121.1753026, 14.74424660000011 ], [ 121.175272000000177, 14.743955000000142 ], [ 121.175229100000138, 14.743695599999967 ], [ 121.171790177000048, 14.740853155000082 ], [ 121.168389700000034, 14.74136110000012 ], [ 121.167723050000063, 14.741481892000138 ], [ 121.167632334000018, 14.742227600000035 ], [ 121.167632900000058, 14.742470200000014 ], [ 121.167882500000019, 14.742504800000063 ], [ 121.167965900000127, 14.742424600000163 ], [ 121.168103500000143, 14.742363400000045 ], [ 121.168282400000066, 14.742310500000144 ], [ 121.168326300000103, 14.74229170000018 ], [ 121.16842540000016, 14.742249300000026 ], [ 121.168474820000142, 14.742232750000085 ], [ 121.16859890000012, 14.742191200000036 ], [ 121.168684800000051, 14.742180800000085 ], [ 121.169639800000027, 14.741848700000105 ], [ 121.16975780000007, 14.741983600000083 ], [ 121.169768600000111, 14.742118400000038 ], [ 121.169747100000109, 14.742258500000105 ], [ 121.169741700000145, 14.74241410000019 ], [ 121.169773700000178, 14.742585400000166 ], [ 121.169720300000108, 14.74265800000012 ], [ 121.169591500000024, 14.742798000000164 ], [ 121.169473500000208, 14.743047100000126 ], [ 121.169403900000134, 14.74322050000012 ], [ 121.168956300000218, 14.743739700000106 ], [ 121.168334800000139, 14.744301800000073 ], [ 121.168184600000131, 14.744350200000156 ], [ 121.16794450000009, 14.744460500000059 ], [ 121.168070797000041, 14.744771762000028 ], [ 121.168500025000185, 14.748808744000087 ], [ 121.16857144700009, 14.74879887700007 ], [ 121.168615661000104, 14.748818611000104 ], [ 121.168615661000104, 14.74886465600008 ], [ 121.168727895000188, 14.749058705999971 ], [ 121.169006780000132, 14.749509295000053 ], [ 121.169098608000013, 14.749552051000023 ], [ 121.169214243000283, 14.749555340000029 ], [ 121.16956114900006, 14.749667165000176 ], [ 121.169646175000139, 14.749709921000147 ], [ 121.169918258000052, 14.749917126000128 ], [ 121.170057701000133, 14.750009217000013 ], [ 121.170231153000032, 14.750081574000092 ], [ 121.170798100000184, 14.750439700000015 ], [ 121.17092496500004, 14.750571628000102 ], [ 121.171251465000068, 14.750726209000049 ], [ 121.17151674500019, 14.750923546000081 ], [ 121.17173781300005, 14.751180083000122 ], [ 121.171870453000111, 14.751397153000141 ], [ 121.171996292000017, 14.751729336000153 ], [ 121.172043906000226, 14.752061518000119 ], [ 121.172037104000196, 14.752199653000105 ], [ 121.171999693000203, 14.752472633000139 ], [ 121.171972484000207, 14.752617346000079 ], [ 121.171877255000027, 14.752979127000117 ], [ 121.171775224000044, 14.753298151000024 ], [ 121.1716629900003, 14.753456019000112 ], [ 121.171571162000191, 14.753607308000142 ], [ 121.171336490000158, 14.754021710000131 ], [ 121.171292277000134, 14.754064466000102 ], [ 121.171176642000205, 14.754143399000156 ], [ 121.171098418000156, 14.754196022000144 ], [ 121.170996387000173, 14.754192733000139 ], [ 121.170868848000168, 14.754439400000024 ], [ 121.170829736000087, 14.754597266000133 ], [ 121.170845041, 14.754763355000136 ], [ 121.170865447000097, 14.754855443999986 ], [ 121.170916462000037, 14.754991933000042 ], [ 121.171020194000107, 14.755332332000023 ], [ 121.171103519000098, 14.755531309000048 ], [ 121.171202150000227, 14.755687531000035 ], [ 121.17129737900018, 14.755978596000034 ], [ 121.171309282000038, 14.756062462000045 ], [ 121.171344993000048, 14.756473570000139 ], [ 121.171382404000042, 14.756545925000182 ], [ 121.171389207000175, 14.756614991 ], [ 121.171450425000216, 14.757080364000046 ], [ 121.171441923000089, 14.75719382900013 ], [ 121.171316084000068, 14.757572047000167 ], [ 121.1712684700002, 14.757759511000017 ], [ 121.171259967000083, 14.757881198000064 ], [ 121.171305881000194, 14.758025907000047 ], [ 121.171384105000016, 14.758127450000188 ], [ 121.17151164400002, 14.758212959000048 ], [ 121.171657888000027, 14.758290247000048 ], [ 121.172004794000031, 14.758405356000083 ], [ 121.17209662200014, 14.758472777000065 ], [ 121.172217359000115, 14.75853362100014 ], [ 121.172279534000154, 14.758555764000107 ], [ 121.1723385680001, 14.75852103700015 ], [ 121.172453165000093, 14.758481102000133 ], [ 121.17258686200023, 14.758427276000134 ], [ 121.172725767000088, 14.758402968000098 ], [ 121.172921971000164, 14.758456793000164 ], [ 121.172974061000332, 14.75852103700015 ], [ 121.173029623000161, 14.758637371000191 ], [ 121.173019205000173, 14.758725923000043 ], [ 121.173040041000149, 14.758857883000132 ], [ 121.173071295000227, 14.758899555000028 ], [ 121.173057404000019, 14.759040196000058 ], [ 121.173026150000169, 14.759172157000023 ], [ 121.172989688000143, 14.759298908000119 ], [ 121.172939335000137, 14.759423923000099 ], [ 121.172904608000181, 14.759536782999987 ], [ 121.17283168300014, 14.759614918000182 ], [ 121.172691041, 14.759701734000089 ], [ 121.17253130000006, 14.759729515000117 ], [ 121.172335096000097, 14.759693052000046 ], [ 121.172256961000016, 14.759717361000014 ], [ 121.17220660800001, 14.759788550000167 ], [ 121.17221008100023, 14.759984754000016 ], [ 121.172269116000052, 14.760116714000105 ], [ 121.172303842000019, 14.760213948000171 ], [ 121.172348986000088, 14.760297291000029 ], [ 121.172487892000163, 14.760458769000081 ], [ 121.172607698000093, 14.760505649000038 ], [ 121.172682359000191, 14.760505649000038 ], [ 121.172786539000072, 14.760500440000044 ], [ 121.172875091000151, 14.76052127600019 ], [ 121.17295148900007, 14.760552530000098 ], [ 121.173048723000079, 14.760545584000056 ], [ 121.17322582700001, 14.760498704000099 ], [ 121.173427240000137, 14.760514331000081 ], [ 121.17355572800011, 14.760536903000173 ], [ 121.173776240000052, 14.760543848000111 ], [ 121.17394813500016, 14.760580311000183 ], [ 121.174158230000216, 14.760651500000108 ], [ 121.174328389000152, 14.760701853000114 ], [ 121.17460446400014, 14.760778251000033 ], [ 121.174781568000071, 14.760872012000107 ], [ 121.174923946000149, 14.760915420000117 ], [ 121.175179185000047, 14.760993555000084 ], [ 121.1752590560003, 14.761005709000017 ], [ 121.175455260000035, 14.761071689000175 ], [ 121.175644519000116, 14.761116833000187 ], [ 121.175805996000122, 14.761163714000077 ], [ 121.176040399000044, 14.761201913000093 ], [ 121.176200140000219, 14.76126615700008 ], [ 121.176380717000143, 14.761288729 ], [ 121.176495315000011, 14.761233167000057 ], [ 121.17656129500017, 14.761224485000014 ], [ 121.17662032900023, 14.761241848000111 ], [ 121.176698464000083, 14.761286992000123 ], [ 121.176743608000038, 14.76136512700009 ], [ 121.176759235000191, 14.761438052000187 ], [ 121.176762708000069, 14.761533550000081 ], [ 121.176769653000179, 14.761599530000069 ], [ 121.176773125000068, 14.761729753999987 ], [ 121.176767916000131, 14.761837405000108 ], [ 121.176759235000191, 14.762021455000081 ], [ 121.176731454000105, 14.762132579000024 ], [ 121.176665474000174, 14.762278430000094 ], [ 121.176653319000138, 14.762384346000147 ], [ 121.17661338400012, 14.762464216000183 ], [ 121.176535250000029, 14.762563186000023 ], [ 121.17651094100006, 14.762632639000174 ], [ 121.176418916000216, 14.762787171000184 ], [ 121.176349464000282, 14.762884405000079 ], [ 121.176297374000114, 14.763011157000051 ], [ 121.176285220000295, 14.763115336000055 ], [ 121.176274802000194, 14.763247296000145 ], [ 121.176318210000204, 14.763335848 ], [ 121.176448434000122, 14.76345044500016 ], [ 121.176606439000011, 14.763544206 ], [ 121.175944820000041, 14.76583689500012 ], [ 121.175545940000234, 14.767772458000081 ], [ 121.174123381000072, 14.770145351000053 ], [ 121.173500544000149, 14.772440843000084 ], [ 121.173151500000017, 14.774193 ], [ 121.173477600000183, 14.774292600000081 ], [ 121.173825900000224, 14.774625600000149 ], [ 121.173927700000149, 14.77484440000012 ], [ 121.17405030000009, 14.775220600000125 ], [ 121.174181500000145, 14.775753200000167 ], [ 121.174250100000108, 14.776400600000102 ], [ 121.174078500000178, 14.776649600000098 ], [ 121.173906800000168, 14.776898500000073 ], [ 121.173735100000158, 14.77728860000019 ], [ 121.173692200000119, 14.777645500000062 ], [ 121.173623600000042, 14.777844600000037 ], [ 121.173477600000183, 14.778259600000069 ], [ 121.173404100000084, 14.778567100000089 ], [ 121.173329500000023, 14.778785 ], [ 121.173189600000114, 14.778928100000144 ], [ 121.172993400000109, 14.779271000000108 ], [ 121.173001200000044, 14.779436800000099 ], [ 121.173130600000036, 14.779548700000134 ], [ 121.173313300000245, 14.779614600000116 ], [ 121.173476400000027, 14.779616900000121 ], [ 121.173756000000139, 14.779551600000048 ], [ 121.174049100000047, 14.779453900000135 ], [ 121.174567700000125, 14.77938 ], [ 121.174854600000231, 14.77949690000014 ], [ 121.175144, 14.77997820000013 ], [ 121.175597700000253, 14.780956800000126 ], [ 121.175686900000187, 14.781206100000134 ], [ 121.175943400000051, 14.781410600000186 ], [ 121.17650620000029, 14.781647200000066 ], [ 121.177179600000045, 14.781938100000161 ], [ 121.177348700000039, 14.782288900000026 ], [ 121.177323800000067, 14.782597900000042 ], [ 121.177234800000178, 14.782938500000114 ], [ 121.177235600000245, 14.783176300000093 ], [ 121.177410000000123, 14.783268100000043 ], [ 121.17769450000003, 14.783259700000087 ] ] ] } },
{ "type": "Feature", "properties": { "adm4_name": "Puray", "adm4_name1": null, "adm4_name2": null, "adm4_name3": null, "adm4_pcode": "PH0405808007", "adm3_name": "Rodriguez (Montalban)", "adm3_name1": null, "adm3_name2": null, "adm3_name3": null, "adm3_pcode": "PH0405808", "adm2_name": "Rizal", "adm2_name1": null, "adm2_name2": null, "adm2_name3": null, "adm2_pcode": "PH04058", "adm1_name": "Region IV-A (Calabarzon)", "adm1_name1": null, "adm1_name2": null, "adm1_name3": null, "adm1_pcode": "PH04", "adm0_name": "Philippines", "adm0_name1": null, "adm0_name2": null, "adm0_name3": null, "adm0_pcode": "PH", "valid_on": "2025-02-13", "valid_to": null, "area_sqkm": 102.79681391, "version": "v03", "lang": "en", "lang1": null, "lang2": null, "lang3": null, "adm4_ref_n": "Puray", "center_lat": 14.79700084, "center_lon": 121.26925842 }, "geometry": { "type": "Polygon", "coordinates": [ [ [ 121.330472009000118, 14.834400059000075 ], [ 121.330847820000031, 14.833084768000049 ], [ 121.331010933000243, 14.831127338999977 ], [ 121.331500302000109, 14.828925229000049 ], [ 121.331541547000143, 14.828182745000049 ], [ 121.331581083000174, 14.827459705000138 ], [ 121.331581068000105, 14.825747015000161 ], [ 121.331673466000098, 14.824919741000087 ], [ 121.331908075000229, 14.822808265 ], [ 121.331968074000088, 14.820467528000052 ], [ 121.331989190000058, 14.819628624000075 ], [ 121.332006473000206, 14.819574990000092 ], [ 121.332723676000114, 14.817343773000118 ], [ 121.3336208730002, 14.815631016999987 ], [ 121.33499960100005, 14.814183425000124 ], [ 121.335023269000089, 14.811861209000028 ], [ 121.33547327000008, 14.801477492000174 ], [ 121.335500400000228, 14.800851961000035 ], [ 121.334925775000329, 14.799645348000126 ], [ 121.33174470400013, 14.793854650000071 ], [ 121.331687109000086, 14.793702827 ], [ 121.331592245000024, 14.793453291000162 ], [ 121.33135858300011, 14.792466688000161 ], [ 121.331346838000059, 14.792417081000053 ], [ 121.330710167000234, 14.789730174000056 ], [ 121.328978269000118, 14.788200564000135 ], [ 121.329180794000081, 14.784632316000113 ], [ 121.330607702000066, 14.782084380000185 ], [ 121.332544218000066, 14.778415351999968 ], [ 121.333563438000169, 14.776580837000154 ], [ 121.333971112000086, 14.774134826000022 ], [ 121.333852822000154, 14.773129509000057 ], [ 121.333766447000016, 14.772401832000185 ], [ 121.333840214000134, 14.77094275900015 ], [ 121.333869157000095, 14.770363897000038 ], [ 121.334378760000277, 14.768529387000115 ], [ 121.331594699000107, 14.768180849000032 ], [ 121.326002957000128, 14.763605521000045 ], [ 121.315636599000072, 14.764566463000165 ], [ 121.309268094000117, 14.760710379000102 ], [ 121.244473088000177, 14.767508446000136 ], [ 121.244314847000055, 14.767365275000088 ], [ 121.244149071000038, 14.767169358000103 ], [ 121.243998366000142, 14.766980976000184 ], [ 121.243825054000013, 14.766762453000126 ], [ 121.243681884000011, 14.766596677000052 ], [ 121.24341061400014, 14.766468577000126 ], [ 121.243101667000246, 14.766430901000035 ], [ 121.242747509000083, 14.766528859000175 ], [ 121.24240842200004, 14.766596677000052 ], [ 121.241963840000039, 14.76657407100015 ], [ 121.241632288000119, 14.766528859000175 ], [ 121.241398694000168, 14.766461042000117 ], [ 121.241112354000052, 14.76633294200019 ], [ 121.240946578000035, 14.766121954000141 ], [ 121.240712984000083, 14.76603153100001 ], [ 121.240486926000017, 14.766046601000028 ], [ 121.240193050000016, 14.76609181300006 ], [ 121.23983889200008, 14.766242519000059 ], [ 121.239492269000039, 14.766325407000181 ], [ 121.239266211000199, 14.766438436000044 ], [ 121.238994941000101, 14.766543930000068 ], [ 121.238708600000109, 14.766604212000061 ], [ 121.238354442000173, 14.766619283000182 ], [ 121.238030425000034, 14.766543930000068 ], [ 121.237804367000194, 14.766400760000124 ], [ 121.221230217000198, 14.760697893000156 ], [ 121.213429880000035, 14.76204885300001 ], [ 121.213430378000112, 14.761987853000107 ], [ 121.213275902000078, 14.761712139000053 ], [ 121.212933115000055, 14.761465472000168 ], [ 121.212779637000153, 14.761067758000138 ], [ 121.212627405000035, 14.760517544000038 ], [ 121.21241223800007, 14.759997345000102 ], [ 121.212038361000054, 14.759719933000042 ], [ 121.211757767000108, 14.759534749000181 ], [ 121.211101303000191, 14.759316154000146 ], [ 121.210599812000169, 14.759312271000056 ], [ 121.210065979000319, 14.759430143000088 ], [ 121.209500551000133, 14.759578272000169 ], [ 121.20887268800027, 14.759695412999974 ], [ 121.208434132000093, 14.759661511000047 ], [ 121.207995076000088, 14.759688608000033 ], [ 121.207586365000111, 14.759837947000051 ], [ 121.206895063000161, 14.760046097000043 ], [ 121.206735847000118, 14.760349880000035 ], [ 121.20635822600002, 14.760529960000042 ], [ 121.20629729000018, 14.760315973000161 ], [ 121.206079137000188, 14.760161770000138 ], [ 121.205671424000116, 14.760189106000041 ], [ 121.205452772000058, 14.76009590200016 ], [ 121.205140340000185, 14.759971467000071 ], [ 121.204981622000219, 14.760214249000114 ], [ 121.205198523000149, 14.760520953000082 ], [ 121.205102491000162, 14.760764222000034 ], [ 121.204787055000224, 14.761005788000148 ], [ 121.204663434000167, 14.760791313000084 ], [ 121.204289066000115, 14.760574889999987 ], [ 121.20407241700002, 14.760237685000106 ], [ 121.203725732000066, 14.760131850000107 ], [ 121.203588933000333, 14.76011760800003 ], [ 121.203504981000151, 14.760118183000145 ], [ 121.203436615000214, 14.76001299700016 ], [ 121.203320035000161, 14.759860003000085 ], [ 121.203165875000195, 14.759763104000172 ], [ 121.202931081000088, 14.759698501000059 ], [ 121.202833466000129, 14.759652352000046 ], [ 121.202746908000222, 14.759695696000108 ], [ 121.202530404000072, 14.759842985000091 ], [ 121.202143546000229, 14.75998917000004 ], [ 121.202068920000102, 14.759878444000094 ], [ 121.201949222000167, 14.759743219000029 ], [ 121.201718400000232, 14.759667769000032 ], [ 121.201319458000057, 14.75955052400019 ], [ 121.201080923000177, 14.759577874000115 ], [ 121.200938009000197, 14.759682988000122 ], [ 121.200713304000033, 14.759795172000167 ], [ 121.200483984000016, 14.759832051000103 ], [ 121.200309754000045, 14.759905440000068 ], [ 121.200071032000324, 14.759932795000111 ], [ 121.199715748000017, 14.760125531000028 ], [ 121.19943003800006, 14.760148486000105 ], [ 121.199119435000057, 14.76023143700013 ], [ 121.198586100000057, 14.76034748 ], [ 121.198401995000154, 14.760309370000073 ], [ 121.198242734000019, 14.760526067000171 ], [ 121.198086017000151, 14.76052484500002 ], [ 121.197646459000225, 14.760612921000074 ], [ 121.197299171000054, 14.760915229000034 ], [ 121.197170781000068, 14.761280250000084 ], [ 121.197198857000103, 14.761676992000048 ], [ 121.197352054000021, 14.762105212000165 ], [ 121.197726919000047, 14.762260647000119 ], [ 121.197942554000065, 14.762719856000047 ], [ 121.198127097000111, 14.763148321000017 ], [ 121.198437769000066, 14.763486264000051 ], [ 121.198907422000161, 14.763550930000065 ], [ 121.199251699000115, 14.76361461800019 ], [ 121.199468845000183, 14.763890828000115 ], [ 121.199655402000076, 14.76407529300019 ], [ 121.199842209000167, 14.764229258000057 ], [ 121.200279264000187, 14.764446176000035 ], [ 121.200402883000152, 14.764660653000135 ], [ 121.200621537000302, 14.764753862000077 ], [ 121.200873040000033, 14.764664316000164 ], [ 121.201028256000086, 14.76452921300006 ], [ 121.201247748000014, 14.764561139000079 ], [ 121.201251739000099, 14.764752696000187 ], [ 121.201153379000061, 14.764880012000049 ], [ 121.200972385000227, 14.765079938999975 ], [ 121.200896560000047, 14.765235579000091 ], [ 121.20076922200019, 14.765853078000077 ], [ 121.200651626000081, 14.766158978000021 ], [ 121.200913269000125, 14.76664823599998 ], [ 121.200792901000113, 14.766827598000077 ], [ 121.200623502000212, 14.767138824000085 ], [ 121.20051057000012, 14.767286247000129 ], [ 121.200307293000037, 14.767400909000173 ], [ 121.200112485000091, 14.767531951000024 ], [ 121.20001931600018, 14.767450050000093 ], [ 121.199906383000098, 14.767346308000185 ], [ 121.199804745000051, 14.767291707000027 ], [ 121.19965964000005, 14.767156740000132 ], [ 121.19962661600016, 14.767037061999986 ], [ 121.199548427000195, 14.766698241000142 ], [ 121.199317152000162, 14.76588665100013 ], [ 121.199234135000097, 14.765785901000129 ], [ 121.199008722000031, 14.765751093000119 ], [ 121.198886182000024, 14.765722833000098 ], [ 121.198817609000116, 14.765791832 ], [ 121.198857928000166, 14.765918828000054 ], [ 121.198846488000072, 14.766112126000053 ], [ 121.198729029000219, 14.766266084000165 ], [ 121.198454279000089, 14.766499651000061 ], [ 121.19813033600019, 14.76695336500012 ], [ 121.197781814000109, 14.767468669000095 ], [ 121.197532291000016, 14.768142613000066 ], [ 121.197311284000079, 14.768716316000052 ], [ 121.19721872200023, 14.7690596650001 ], [ 121.197071967000056, 14.769241865000083 ], [ 121.196925325000052, 14.769376444000102 ], [ 121.196752466000021, 14.769488393000074 ], [ 121.19658065100009, 14.769569670000124 ], [ 121.19643075800002, 14.769604678000178 ], [ 121.196269474000019, 14.76961349000004 ], [ 121.196109862000185, 14.769598101999975 ], [ 121.195965363000028, 14.769529103000082 ], [ 121.195818823000081, 14.769438604000129 ], [ 121.195627822, 14.769382218999965 ], [ 121.195506805000036, 14.769258224000112 ], [ 121.195426358000077, 14.769137779000175 ], [ 121.195393755000168, 14.769290033000175 ], [ 121.195079303000057, 14.769409582000037 ], [ 121.1947342630001, 14.769437387000096 ], [ 121.194327541, 14.769342702000188 ], [ 121.19413972600023, 14.769310731000132 ], [ 121.193888215000129, 14.769400269000073 ], [ 121.193729477000261, 14.769643041000052 ], [ 121.193663765000338, 14.770008547000089 ], [ 121.193662252000081, 14.770191546000092 ], [ 121.193472673000201, 14.770373073000087 ], [ 121.193315950000056, 14.770371847000149 ], [ 121.193159228000241, 14.770370620000165 ], [ 121.192906706000144, 14.770582156000046 ], [ 121.192810403000067, 14.770855918000166 ], [ 121.192775529000073, 14.771282669000186 ], [ 121.192773764000322, 14.771496167000123 ], [ 121.192550820000179, 14.771921445000089 ], [ 121.192517206000048, 14.772195697000086 ], [ 121.192515692000143, 14.772378696000033 ], [ 121.192545524000138, 14.77256194000006 ], [ 121.190788932000032, 14.773492038000143 ], [ 121.190833488000067, 14.773789778000094 ], [ 121.186681056000339, 14.777092090999986 ], [ 121.187150857, 14.777141534000123 ], [ 121.187333875000263, 14.777475315000117 ], [ 121.187584058000084, 14.77763771400015 ], [ 121.187886911000192, 14.777813281000022 ], [ 121.188527730000033, 14.778318036000087 ], [ 121.188777913000195, 14.778533105000065 ], [ 121.18897542600007, 14.778875461000155 ], [ 121.189133012000184, 14.779101575000027 ], [ 121.189083149000226, 14.779444327000135 ], [ 121.189103055000146, 14.779879132000133 ], [ 121.189241078000236, 14.78024623500005 ], [ 121.189403937000179, 14.780453399000123 ], [ 121.189730605000022, 14.78075335300008 ], [ 121.189964183000143, 14.780938196000022 ], [ 121.190362140000275, 14.78114720300016 ], [ 121.190524053000104, 14.78146874100014 ], [ 121.190590792000194, 14.781926789000181 ], [ 121.190516094000031, 14.782429480000133 ], [ 121.190537709000182, 14.782658412000046 ], [ 121.190911400000118, 14.782958734000033 ], [ 121.191119957000183, 14.783326388000091 ], [ 121.191353540000023, 14.783511230999977 ], [ 121.191681919000189, 14.783605310000041 ], [ 121.192222076, 14.783678172000066 ], [ 121.192755609000187, 14.784551650000026 ], [ 121.193315494000217, 14.785082190000026 ], [ 121.1937128940001, 14.785359817000028 ], [ 121.194111428000156, 14.785500195000054 ], [ 121.194390901000133, 14.785822651000103 ], [ 121.194623921000016, 14.786076113000149 ], [ 121.194574631000023, 14.786350243000072 ], [ 121.194245301000137, 14.786370541000167 ], [ 121.193985744000088, 14.786482891000048 ], [ 121.193983851000212, 14.786711638000043 ], [ 121.194265784000322, 14.786736722000171 ], [ 121.194618436000042, 14.786739483000133 ], [ 121.195017732000224, 14.786788360000173 ], [ 121.19530042100007, 14.786721943000089 ], [ 121.195533444000034, 14.786975406000181 ], [ 121.19600100200023, 14.787299331000099 ], [ 121.196234404000165, 14.787507043000062 ], [ 121.196465539000201, 14.787989253000148 ], [ 121.196508213000016, 14.788515742000072 ], [ 121.196504812000171, 14.78892748800007 ], [ 121.196758326, 14.789547130000187 ], [ 121.196779002000085, 14.789890436000178 ], [ 121.197035161000031, 14.790189832000067 ], [ 121.197268379000207, 14.79042041800011 ], [ 121.197217579000039, 14.790877547000036 ], [ 121.197214745000338, 14.791220668999983 ], [ 121.197377242000016, 14.791473579000126 ], [ 121.197682126000018, 14.791567467000107 ], [ 121.198152907, 14.791502517000026 ], [ 121.198295293000228, 14.791343495000035 ], [ 121.198484700000336, 14.791184841000074 ], [ 121.198790528000245, 14.791164354000045 ], [ 121.199118735000184, 14.791281299000048 ], [ 121.199423619000186, 14.791375186000096 ], [ 121.199774960000013, 14.791538063000132 ], [ 121.199984105000112, 14.791837088000079 ], [ 121.200003465, 14.792340518 ], [ 121.200164080000036, 14.792822174999969 ], [ 121.200208460000113, 14.793142790000161 ], [ 121.200628452000046, 14.793534966000095 ], [ 121.200838919000034, 14.793673866 ], [ 121.201143054000227, 14.793859250000082 ], [ 121.201377787000183, 14.793906834000097 ], [ 121.201588444000095, 14.794022859000052 ], [ 121.201846500000102, 14.794093501000191 ], [ 121.202198601000077, 14.794164876000139 ], [ 121.202314271000205, 14.794394542000134 ], [ 121.20252511700005, 14.794487691000143 ], [ 121.202829444000145, 14.79465019800017 ], [ 121.203085806000217, 14.794926713000052 ], [ 121.203247559000033, 14.79527111900012 ], [ 121.203597967000064, 14.795548365000116 ], [ 121.20370648800008, 14.795884598000157 ], [ 121.204018599000051, 14.795980298000075 ], [ 121.20411013200021, 14.796170018000169 ], [ 121.204412407000063, 14.796398618000069 ], [ 121.204671016000248, 14.79658616100005 ], [ 121.204903495000053, 14.79690824100004 ], [ 121.205184126000063, 14.797093438000161 ], [ 121.205535292000036, 14.797279183000171 ], [ 121.205767962000095, 14.797578387000044 ], [ 121.206093737000288, 14.797992698000144 ], [ 121.206183834000058, 14.79847380200016 ], [ 121.206249855000237, 14.799023349000038 ], [ 121.206576949000123, 14.799277536000034 ], [ 121.207115650000219, 14.799533367000151 ], [ 121.20755899000028, 14.799948590000156 ], [ 121.208004586000015, 14.800089314000047 ], [ 121.2084962670001, 14.800344777000134 ], [ 121.208751704000065, 14.800735660999976 ], [ 121.209267462000071, 14.800922681000031 ], [ 121.209572366000089, 14.80101655500016 ], [ 121.209808799000029, 14.800858258000119 ], [ 121.209999522000089, 14.800539469000114 ], [ 121.210422548000111, 14.800565631000154 ], [ 121.210442682, 14.800977563000117 ], [ 121.210744021000096, 14.801506060000065 ], [ 121.210812306000207, 14.801781108000057 ], [ 121.211722522000173, 14.80261172400003 ], [ 121.212119791000077, 14.80291220100014 ], [ 121.212657196, 14.803328146000183 ], [ 121.213079291000099, 14.803468678000058 ], [ 121.213386261000096, 14.803310924000186 ], [ 121.213927229000092, 14.803292241000122 ], [ 121.214324689000136, 14.803569839000033 ], [ 121.214651613000115, 14.803846890000102 ], [ 121.21502518900013, 14.8041700550001 ], [ 121.215352489000225, 14.804401355000039 ], [ 121.215962875000059, 14.804520465000166 ], [ 121.216338885000141, 14.80454625200008 ], [ 121.216997232000153, 14.804551348000132 ], [ 121.217511513000204, 14.804921351000075 ], [ 121.217884161000256, 14.805358888000171 ], [ 121.218398071000138, 14.805774639 ], [ 121.218772776000151, 14.805960549000133 ], [ 121.219029733000184, 14.806168424000191 ], [ 121.219096161000039, 14.806672221000042 ], [ 121.219233314000235, 14.807153687000039 ], [ 121.219628733000036, 14.807682904000046 ], [ 121.219838480000021, 14.807913290000101 ], [ 121.219905470000072, 14.808348461000151 ], [ 121.219883208000056, 14.808432258000096 ], [ 121.219808430000057, 14.808713736000072 ], [ 121.21932922800022, 14.808893170000033 ], [ 121.219240758000183, 14.809121125000161 ], [ 121.218908027000111, 14.809543126000165 ], [ 121.21886082400033, 14.809750096000016 ], [ 121.218995172000064, 14.810007900000073 ], [ 121.219067659000302, 14.810291113000119 ], [ 121.218581234000112, 14.809815455000034 ], [ 121.218392419000224, 14.809750096000016 ], [ 121.21827259500003, 14.809982483000169 ], [ 121.218345013000203, 14.810189393000087 ], [ 121.218196343000159, 14.81074863200007 ], [ 121.218261702000177, 14.81102096 ], [ 121.218377840000016, 14.811287719000177 ], [ 121.2188316700001, 14.812023277000094 ], [ 121.219179070000223, 14.812634391000017 ], [ 121.219182701000022, 14.813001126000074 ], [ 121.219322322000153, 14.813369159000104 ], [ 121.219400563000136, 14.81344774500019 ], [ 121.219462291000127, 14.813611141000024 ], [ 121.219442411000045, 14.814020797000182 ], [ 121.219480446000262, 14.814261098000088 ], [ 121.219516756000075, 14.814500747000068 ], [ 121.219436097000084, 14.814793466000083 ], [ 121.219244428000138, 14.815531963000126 ], [ 121.219466602000011, 14.816176458000086 ], [ 121.219484077000288, 14.816407044000186 ], [ 121.219571222000127, 14.81664669200012 ], [ 121.219672891000073, 14.816940807000037 ], [ 121.219596639000201, 14.817332959000112 ], [ 121.219687415000067, 14.817492725000022 ], [ 121.219872662000057, 14.817643693999969 ], [ 121.220163082000113, 14.817605287000106 ], [ 121.220289689000197, 14.817768927000145 ], [ 121.220377313000085, 14.817932081000151 ], [ 121.220366420000232, 14.818084585000122 ], [ 121.220301061000214, 14.818237089000149 ], [ 121.220386467000026, 14.818177524000134 ], [ 121.220472117000327, 14.818177524000134 ], [ 121.220557768000049, 14.81820150600015 ], [ 121.220646844000157, 14.818208358000163 ], [ 121.220711939000125, 14.818228915000191 ], [ 121.22078388500006, 14.818266601000118 ], [ 121.220821571000101, 14.818307713000138 ], [ 121.220907221000061, 14.818403641000089 ], [ 121.221037410000122, 14.818489292000152 ], [ 121.221157321000192, 14.818540682000162 ], [ 121.221236119000309, 14.818619480000109 ], [ 121.221277231000158, 14.818722261000175 ], [ 121.221349177000093, 14.818804485000044 ], [ 121.221352603000014, 14.818910692000031 ], [ 121.221338899000102, 14.818965508000133 ], [ 121.221338899000102, 14.819064862000175 ], [ 121.221328621000112, 14.8191984770001 ], [ 121.221287509000149, 14.819345796000164 ], [ 121.221229267000126, 14.819479409999985 ], [ 121.221157321000192, 14.819626729000049 ], [ 121.221078522000198, 14.819743213000095 ], [ 121.221090694000054, 14.81978713400008 ], [ 121.221090694000054, 14.819904750000035 ], [ 121.221064557000318, 14.820019099000149 ], [ 121.221054756000171, 14.820175920000054 ], [ 121.221074359000113, 14.820293536000065 ], [ 121.221162571000264, 14.820450358000073 ], [ 121.221218112000201, 14.820538570000053 ], [ 121.221319392000055, 14.820682323000142 ], [ 121.221384735000015, 14.820799939000096 ], [ 121.22146641300003, 14.820848946000183 ], [ 121.221499084000129, 14.820927357000187 ], [ 121.221443543000078, 14.821061308000139 ], [ 121.221407604000206, 14.821172390000129 ], [ 121.221443543000078, 14.821322677000182 ], [ 121.221482748000199, 14.821417424000117 ], [ 121.221515144000023, 14.821467817000098 ], [ 121.221541556000261, 14.821508903000165 ], [ 121.221625984000184, 14.821607585000152 ], [ 121.221780056000284, 14.821757204000164 ], [ 121.221848665000039, 14.821796409000115 ], [ 121.221891137000171, 14.821845416000031 ], [ 121.221907473000101, 14.821897690000071 ], [ 121.221946678000222, 14.822008771000128 ], [ 121.221979349000208, 14.82211658600005 ], [ 121.222021822000215, 14.822188463000089 ], [ 121.222129637000194, 14.822247271000151 ], [ 121.222230917000047, 14.822299545000021 ], [ 121.222325664000095, 14.822348551000175 ], [ 121.222404074000224, 14.822495571000047 ], [ 121.222417143000143, 14.822577249000062 ], [ 121.221943857000042, 14.823328534000154 ], [ 121.220814302, 14.825712833000182 ], [ 121.219792836000011, 14.829528635000031 ], [ 121.219251844000041, 14.833223191000059 ], [ 121.220316814000057, 14.833937502000083 ], [ 121.221695546000092, 14.834210990000145 ], [ 121.224757815000203, 14.833559604000072 ], [ 121.229176802000211, 14.832176031000074 ], [ 121.22941203400012, 14.832133559000113 ], [ 121.229529651, 14.832081285000072 ], [ 121.229627664000191, 14.832019210000169 ], [ 121.229712609000217, 14.831940799000165 ], [ 121.22981388900007, 14.831819916000029 ], [ 121.229885766000052, 14.83169576500012 ], [ 121.229931506000071, 14.831587950000028 ], [ 121.230088327000203, 14.831470334000016 ], [ 121.23021901200002, 14.831382122000036 ], [ 121.230294155000024, 14.831326581000155 ], [ 121.230483648000131, 14.831287375999977 ], [ 121.23060453100004, 14.831316780000122 ], [ 121.230745017000118, 14.831355985000073 ], [ 121.230888770000092, 14.831418060000146 ], [ 121.230990051000049, 14.831480136000152 ], [ 121.231137071000262, 14.831604286000129 ], [ 121.231251420000035, 14.831676163000111 ], [ 121.231440912000267, 14.831702299000142 ], [ 121.23153239200019, 14.83169576500012 ], [ 121.231682679000073, 14.831712101000051 ], [ 121.231872171000191, 14.831731703000059 ], [ 121.231986520000078, 14.831783977000157 ], [ 121.232130273000053, 14.831885258000113 ], [ 121.232264225000108, 14.831950599999971 ], [ 121.232345903000123, 14.832009408000033 ], [ 121.232492923000223, 14.832107421999979 ], [ 121.232587669000054, 14.832130291 ], [ 121.232832703000099, 14.832195634000186 ], [ 121.23301239400007, 14.832254442000078 ], [ 121.233257428000115, 14.832313250000141 ], [ 121.233499194000046, 14.832378592000055 ], [ 121.233636413000113, 14.832378592000055 ], [ 121.233950056000026, 14.832401462000178 ], [ 121.234283302000108, 14.832388393000087 ], [ 121.234443390000024, 14.832362257000057 ], [ 121.234547938000105, 14.832293647000029 ], [ 121.234685157000058, 14.832198901000027 ], [ 121.234773369000209, 14.832130291 ], [ 121.234874649000062, 14.832081285000072 ], [ 121.234962861000099, 14.832068216000152 ], [ 121.235126217000129, 14.832061682000131 ], [ 121.235260169000185, 14.832029010999975 ], [ 121.235459463000097, 14.831927730000075 ], [ 121.235622819000014, 14.83182318300004 ], [ 121.235825380000165, 14.831685964000144 ], [ 121.235956064000106, 14.831597752000107 ], [ 121.236086749000037, 14.831503005000172 ], [ 121.236220700000331, 14.83142132800009 ], [ 121.236410193000097, 14.831333116000053 ], [ 121.236586617000171, 14.831284109000023 ], [ 121.236736905000157, 14.831274307000058 ], [ 121.236880658000018, 14.831336383000064 ], [ 121.236968870000055, 14.831349451000051 ], [ 121.23702114300022, 14.831349451000051 ], [ 121.23714856100014, 14.831303711000032 ], [ 121.237246574000096, 14.831267773000093 ], [ 121.237494875000152, 14.831182828000067 ], [ 121.237628827000094, 14.831133822000083 ], [ 121.237743176000208, 14.831039075000149 ], [ 121.240399813000181, 14.831417437000027 ], [ 121.24321654400012, 14.831573923000178 ], [ 121.252996860000167, 14.829226647000098 ], [ 121.33035662500015, 14.834802543000137 ], [ 121.330472009000118, 14.834400059000075 ] ] ] } },
{ "type": "Feature", "properties": { "adm4_name": "Rosario", "adm4_name1": null, "adm4_name2": null, "adm4_name3": null, "adm4_pcode": "PH0405808008", "adm3_name": "Rodriguez (Montalban)", "adm3_name1": null, "adm3_name2": null, "adm3_name3": null, "adm3_pcode": "PH0405808", "adm2_name": "Rizal", "adm2_name1": null, "adm2_name2": null, "adm2_name3": null, "adm2_pcode": "PH04058", "adm1_name": "Region IV-A (Calabarzon)", "adm1_name1": null, "adm1_name2": null, "adm1_name3": null, "adm1_pcode": "PH04", "adm0_name": "Philippines", "adm0_name1": null, "adm0_name2": null, "adm0_name3": null, "adm0_pcode": "PH", "valid_on": "2025-02-13", "valid_to": null, "area_sqkm": 0.30943952, "version": "v03", "lang": "en", "lang1": null, "lang2": null, "lang3": null, "adm4_ref_n": "Rosario", "center_lat": 14.73227992, "center_lon": 121.14199195 }, "geometry": { "type": "Polygon", "coordinates": [ [ [ 121.140730580000195, 14.735449153000047 ], [ 121.140925838000157, 14.735380497000051 ], [ 121.141053828000054, 14.735396559000151 ], [ 121.14131997000004, 14.735374084000171 ], [ 121.141657901000031, 14.735302520000118 ], [ 121.141919500000085, 14.735227327000189 ], [ 121.142138481000188, 14.735158219000141 ], [ 121.142173019000211, 14.73515147 ], [ 121.142361572000141, 14.735033036000175 ], [ 121.142579095000087, 14.734877502000074 ], [ 121.14284099300005, 14.734710688000177 ], [ 121.143000162000021, 14.734604745000183 ], [ 121.143464865000169, 14.734507369000141 ], [ 121.143477391000147, 14.734341909000079 ], [ 121.143098147000046, 14.733118477000119 ], [ 121.14310378100015, 14.733009506000087 ], [ 121.14292501000034, 14.732516159000056 ], [ 121.143593500000065, 14.732388700000058 ], [ 121.144752768000103, 14.732171134000168 ], [ 121.145157941000093, 14.732086471000173 ], [ 121.145099648000155, 14.731854122000072 ], [ 121.144918, 14.731306600000039 ], [ 121.144559000000186, 14.730198 ], [ 121.144403231000183, 14.729771541000162 ], [ 121.144327034000185, 14.729559884000139 ], [ 121.144243581000069, 14.729343388000132 ], [ 121.144088682000188, 14.728896947000067 ], [ 121.142597297000179, 14.729211400000054 ], [ 121.141514139000037, 14.729435145000025 ], [ 121.141366061000099, 14.729466365000121 ], [ 121.141102654000065, 14.729521901000112 ], [ 121.141019387000142, 14.729539457000101 ], [ 121.140779038000119, 14.729590131000066 ], [ 121.140626109000095, 14.729622374000144 ], [ 121.140353401000084, 14.729679870000098 ], [ 121.13997947900009, 14.729758706000041 ], [ 121.139880465000033, 14.729784243000097 ], [ 121.139719145000072, 14.729818373000114 ], [ 121.139748858000075, 14.730535846000066 ], [ 121.139748858000075, 14.730661164000139 ], [ 121.139585478000072, 14.730721099 ], [ 121.13969815400003, 14.731631016000051 ], [ 121.139833365000072, 14.732410163000168 ], [ 121.139875618000133, 14.732780666000167 ], [ 121.139912238000079, 14.732914156 ], [ 121.139984067000114, 14.73314466000005 ], [ 121.139484200000084, 14.733253000000161 ], [ 121.138565100000051, 14.733435600000178 ], [ 121.138163400000053, 14.733530100000166 ], [ 121.138192762000131, 14.733715852000103 ], [ 121.138253500000019, 14.734100100000092 ], [ 121.138478188000136, 14.734688582000103 ], [ 121.138643972000182, 14.734705626999983 ], [ 121.138789547000215, 14.734693549000042 ], [ 121.138985020000177, 14.734660234000046 ], [ 121.139166440000054, 14.734624748000158 ], [ 121.139356594000105, 14.734601543999986 ], [ 121.139478170000075, 14.734586369000056 ], [ 121.139593547000118, 14.73455712700013 ], [ 121.139655812000228, 14.734567092000191 ], [ 121.13973783900019, 14.734569221000072 ], [ 121.139833798000041, 14.734549139000023 ], [ 121.139943092000181, 14.734522030000164 ], [ 121.140056584000149, 14.734520620000069 ], [ 121.140137150000101, 14.73451095300004 ], [ 121.140233797000178, 14.734495735000053 ], [ 121.140366843000152, 14.734490364000067 ], [ 121.140544527000088, 14.734478638000155 ], [ 121.140754627000092, 14.734497803000011 ], [ 121.140743031000056, 14.734673157000145 ], [ 121.140732046000267, 14.734825893 ], [ 121.140566868000064, 14.735033558000055 ], [ 121.140431745000228, 14.735204768000187 ], [ 121.140276818000075, 14.735401071000183 ], [ 121.140256064000141, 14.73550855100018 ], [ 121.140216888000054, 14.735562537000021 ], [ 121.140730580000195, 14.735449153000047 ] ] ] } },
{ "type": "Feature", "properties": { "adm4_name": "San Isidro", "adm4_name1": null, "adm4_name2": null, "adm4_name3": null, "adm4_pcode": "PH0405808009", "adm3_name": "Rodriguez (Montalban)", "adm3_name1": null, "adm3_name2": null, "adm3_name3": null, "adm3_pcode": "PH0405808", "adm2_name": "Rizal", "adm2_name1": null, "adm2_name2": null, "adm2_name3": null, "adm2_pcode": "PH04058", "adm1_name": "Region IV-A (Calabarzon)", "adm1_name1": null, "adm1_name2": null, "adm1_name3": null, "adm1_pcode": "PH04", "adm0_name": "Philippines", "adm0_name1": null, "adm0_name2": null, "adm0_name3": null, "adm0_pcode": "PH", "valid_on": "2025-02-13", "valid_to": null, "area_sqkm": 40.72895608, "version": "v03", "lang": "en", "lang1": null, "lang2": null, "lang3": null, "adm4_ref_n": "San Isidro", "center_lat": 14.77873711, "center_lon": 121.15925366 }, "geometry": { "type": "Polygon", "coordinates": [ [ [ 121.177397662000203, 14.823596705000057 ], [ 121.187465555000017, 14.823554115999968 ], [ 121.187553767000168, 14.823576986000091 ], [ 121.187749794000183, 14.823563918000104 ], [ 121.187988293000103, 14.823554115999968 ], [ 121.188151649000247, 14.823482240000089 ], [ 121.188292134000108, 14.823413631 ], [ 121.188448956000116, 14.823250275000191 ], [ 121.18852736700012, 14.823158796000143 ], [ 121.188690722000047, 14.823028111000099 ], [ 121.188994564000268, 14.822802680000166 ], [ 121.189154653000287, 14.822652393000055 ], [ 121.189363748000119, 14.822534777000101 ], [ 121.189602247000039, 14.822397558000034 ], [ 121.189863616000025, 14.822270141000047 ], [ 121.190458231000321, 14.821963032000156 ], [ 121.190811080000117, 14.821825813000089 ], [ 121.191000572, 14.821717998000111 ], [ 121.191320749000056, 14.821603649000167 ], [ 121.191497174, 14.821535040000072 ], [ 121.191637659000207, 14.821508903000165 ], [ 121.191912097000227, 14.821404355000027 ], [ 121.192091788000084, 14.821290006000083 ], [ 121.192271480000159, 14.821159322000085 ], [ 121.192356425000185, 14.821090712000114 ], [ 121.192425034000053, 14.821002500000077 ], [ 121.192519780000111, 14.82091428800004 ], [ 121.192656999000178, 14.820894685000155 ], [ 121.192921635000062, 14.820884884000122 ], [ 121.193111128000169, 14.820884884000122 ], [ 121.193346360000078, 14.820888151000133 ], [ 121.193604462000167, 14.820894685000155 ], [ 121.193790688000263, 14.820875083000089 ], [ 121.193924639000102, 14.820842412000161 ], [ 121.194153337000216, 14.820803206000107 ], [ 121.19433302900029, 14.820711727000116 ], [ 121.194450645000074, 14.820649652000043 ], [ 121.194542124000122, 14.820610447000035 ], [ 121.194695678000016, 14.820581043000118 ], [ 121.194810027000017, 14.820584310000129 ], [ 121.194976650000172, 14.820623515000079 ], [ 121.195143273000213, 14.820669255000155 ], [ 121.195277225000041, 14.820734597000012 ], [ 121.195401375000074, 14.820852212999966 ], [ 121.195473252000056, 14.820937158 ], [ 121.195574532000251, 14.820979630000124 ], [ 121.195656210000038, 14.820982898000068 ], [ 121.195737888000053, 14.820982898000068 ], [ 121.195956785000021, 14.820992699000044 ], [ 121.19606459900001, 14.821005767000088 ], [ 121.196143010000014, 14.82104170600013 ], [ 121.196241023000084, 14.821093979000125 ], [ 121.196388044000059, 14.821172390000129 ], [ 121.196508927000195, 14.821165856000107 ], [ 121.196652680000284, 14.821126651000156 ], [ 121.196708221000222, 14.821048240000152 ], [ 121.196737625000083, 14.820937158 ], [ 121.196691885000064, 14.820737864000023 ], [ 121.196636344000012, 14.820574508 ], [ 121.196548132000203, 14.82023799600006 ], [ 121.196508927000195, 14.819878613000071 ], [ 121.196528530000137, 14.819698922000043 ], [ 121.19657426900028, 14.819633579000083 ], [ 121.196669015000111, 14.819587840000111 ], [ 121.196786632000226, 14.81957150400018 ], [ 121.196959789000061, 14.819597641000087 ], [ 121.197126411000113, 14.819653181999968 ], [ 121.197221158000048, 14.819666251000115 ], [ 121.197293034000154, 14.81963684700014 ], [ 121.197338774000059, 14.819568237000169 ], [ 121.19727996600011, 14.819375477 ], [ 121.197217891000037, 14.81927419699997 ], [ 121.197159083000201, 14.819185985000161 ], [ 121.197139480000033, 14.819097773000124 ], [ 121.197159083000201, 14.819022629000131 ], [ 121.19723095900008, 14.818918081 ], [ 121.197283233, 14.818803732000049 ], [ 121.19727996600011, 14.818692650000116 ], [ 121.197237493000102, 14.818545630000187 ], [ 121.197247295000011, 14.818441083000153 ], [ 121.197299568000176, 14.818428014000062 ], [ 121.197400849000132, 14.818418213000029 ], [ 121.197508664000225, 14.818411679 ], [ 121.197822307000024, 14.818385542000101 ], [ 121.198070607000091, 14.818375739999965 ], [ 121.198335244000077, 14.818414946000019 ], [ 121.198518202000059, 14.818428014000062 ], [ 121.198655421000012, 14.818496624000034 ], [ 121.198838379000222, 14.818637110000111 ], [ 121.198962530000131, 14.818689383000105 ], [ 121.199158556000157, 14.81877106100012 ], [ 121.199462398000037, 14.818833136000023 ], [ 121.199645356000133, 14.81885600600009 ], [ 121.199792377000108, 14.818839671000092 ], [ 121.200099485000123, 14.818862540000111 ], [ 121.200324916000227, 14.818891944000086 ], [ 121.200566683000034, 14.818882143000053 ], [ 121.200792114000137, 14.818826602000172 ], [ 121.201027346000046, 14.818741657000146 ], [ 121.20118743400019, 14.818663246000142 ], [ 121.201504345000217, 14.818542363000176 ], [ 121.201716707000173, 14.818467220000116 ], [ 121.201896398000031, 14.818411679 ], [ 121.201991145000079, 14.818385542000101 ], [ 121.202082624000013, 14.818346336000047 ], [ 121.202125096000145, 14.818307131000097 ], [ 121.202151233000222, 14.818209118000084 ], [ 121.202187171000219, 14.818140508000056 ], [ 121.202262315000212, 14.818088234000186 ], [ 121.202343993000227, 14.81805556300003 ], [ 121.202451808000092, 14.818035961000021 ], [ 121.202517150000062, 14.818035961000021 ], [ 121.202647834000231, 14.818035961000021 ], [ 121.20273277900003, 14.818000021999978 ], [ 121.202811190000034, 14.817954283 ], [ 121.202879800000233, 14.817918344000134 ], [ 121.202968012000042, 14.817902009000136 ], [ 121.203082361000043, 14.817869338000037 ], [ 121.203206511000189, 14.817830132000154 ], [ 121.203350264000051, 14.817830132000154 ], [ 121.203520154000103, 14.817859536000071 ], [ 121.203686777000257, 14.81793141300011 ], [ 121.203807660000052, 14.818022892000101 ], [ 121.203951413000141, 14.818137241000045 ], [ 121.204055961000108, 14.818212385000038 ], [ 121.204183378000039, 14.818251590000045 ], [ 121.204310796000073, 14.818254857 ], [ 121.204497021000179, 14.818284261000144 ], [ 121.204601569000147, 14.818307131000097 ], [ 121.204715918000034, 14.818346336000047 ], [ 121.204827, 14.818349604000161 ], [ 121.20491521200006, 14.818362672000148 ], [ 121.205016492000027, 14.818411679 ], [ 121.205156978000105, 14.818486822000125 ], [ 121.205277861000127, 14.818594637000047 ], [ 121.20536607400004, 14.818650178000155 ], [ 121.205506559000014, 14.818761260000088 ], [ 121.205555566000044, 14.818859273000101 ], [ 121.205660114000011, 14.81897035500009 ], [ 121.205745059000037, 14.819078170000012 ], [ 121.205839805000096, 14.819185985000161 ], [ 121.205914949000089, 14.819261128000051 ], [ 121.20604236600002, 14.819336272000044 ], [ 121.206189386000119, 14.819424484000081 ], [ 121.206339674000105, 14.819532299 ], [ 121.206450755000333, 14.819627045000061 ], [ 121.206486694000205, 14.819685853000124 ], [ 121.206633714000077, 14.819532299 ], [ 121.206754597000099, 14.819417950000059 ], [ 121.206833008000103, 14.819336272000044 ], [ 121.206895083000177, 14.819234991000144 ], [ 121.206937555000081, 14.819130444000109 ], [ 121.206993096000019, 14.81901936200012 ], [ 121.207064973000229, 14.818908280000187 ], [ 121.207172788000094, 14.818797198000027 ], [ 121.207247931000211, 14.81878413000004 ], [ 121.207313274000057, 14.818816800999969 ], [ 121.20740802000023, 14.818846205000114 ], [ 121.207492965000029, 14.818878876000042 ], [ 121.207672656000113, 14.818895211999973 ], [ 121.207751067000117, 14.818869075000066 ], [ 121.207822943000224, 14.818797198000027 ], [ 121.207836012000143, 14.818676315000062 ], [ 121.207819676000213, 14.818604438000079 ], [ 121.207793539000022, 14.818542363000176 ], [ 121.207780471000092, 14.818447617000174 ], [ 121.207737998000198, 14.818385542000101 ], [ 121.207688992000044, 14.818323467000027 ], [ 121.207688992000044, 14.818199316000118 ], [ 121.207767403000048, 14.818104570000116 ], [ 121.207845813000176, 14.818039228000032 ], [ 121.207947094000247, 14.817986954000162 ], [ 121.208041840000078, 14.817941214000086 ], [ 121.208172525, 14.817941214000086 ], [ 121.208355483000219, 14.817918344000134 ], [ 121.208544976000326, 14.817937947000075 ], [ 121.20864952300019, 14.817944481000097 ], [ 121.208757338000169, 14.817947748000108 ], [ 121.208888023000213, 14.817970618000061 ], [ 121.20905137800014, 14.818022892000101 ], [ 121.209240871000134, 14.818039228000032 ], [ 121.209365021000053, 14.818065365000166 ], [ 121.20942709700023, 14.818058830000041 ], [ 121.209508774000142, 14.81805556300003 ], [ 121.209636192000062, 14.818035961000021 ], [ 121.209753808000187, 14.818032693000134 ], [ 121.20986489000029, 14.818117638000103 ], [ 121.209972705000041, 14.818137241000045 ], [ 121.210122992000151, 14.818228720000093 ], [ 121.210240608000163, 14.818287528000155 ], [ 121.210358224000061, 14.818362672000148 ], [ 121.210449703000108, 14.818414946000019 ], [ 121.210573854000017, 14.818480288000103 ], [ 121.210665333000179, 14.818561966000118 ], [ 121.210730675000036, 14.818663246000142 ], [ 121.21080908600004, 14.818826602000172 ], [ 121.210858093000184, 14.818976889000055 ], [ 121.210913634, 14.819110841000168 ], [ 121.210926702000052, 14.8192219230001 ], [ 121.210969174000184, 14.819333005000033 ], [ 121.211008380000067, 14.819444087000022 ], [ 121.210988777000125, 14.819525765000037 ], [ 121.211008380000067, 14.81963684700014 ], [ 121.211057387000096, 14.819738127 ], [ 121.211122729000181, 14.819764264000128 ], [ 121.211220742000023, 14.819774065000161 ], [ 121.211335091000024, 14.819760997000117 ], [ 121.211423303000061, 14.819757730000106 ], [ 121.211531118000153, 14.81977079800015 ], [ 121.21167160400023, 14.81982307200019 ], [ 121.211799021000047, 14.819872079000049 ], [ 121.211913370000161, 14.819947222000167 ], [ 121.21202118500014, 14.820028900000182 ], [ 121.212079993000202, 14.820081174000052 ], [ 121.212171473000126, 14.820139982000114 ], [ 121.212240082000221, 14.820162852000067 ], [ 121.21232502700002, 14.820175920000054 ], [ 121.212393636000115, 14.820175920000054 ], [ 121.212481848000152, 14.820162852000067 ], [ 121.212609266000186, 14.820159585000056 ], [ 121.212700745, 14.820120379 ], [ 121.212824895000153, 14.82006157100011 ], [ 121.212903306000157, 14.819970092000119 ], [ 121.213047059000246, 14.819904750000035 ], [ 121.213190812000107, 14.81982307200019 ], [ 121.213292093000064, 14.819816538 ], [ 121.213380305000101, 14.819767531000139 ], [ 121.21349138700009, 14.819725059000177 ], [ 121.213599201000079, 14.819685853000124 ], [ 121.213710283000069, 14.819666251000115 ], [ 121.213837701000102, 14.819676052000091 ], [ 121.213948783000092, 14.819711990000087 ], [ 121.214072933000011, 14.819767531000139 ], [ 121.214174214000195, 14.819839408000121 ], [ 121.214223220000122, 14.819868812000095 ], [ 121.214324501000078, 14.819901483000024 ], [ 121.214432316000057, 14.819924353000147 ], [ 121.214484589000222, 14.819911284000057 ], [ 121.214559733000215, 14.819839408000121 ], [ 121.214615274000039, 14.819806736000089 ], [ 121.21467081500009, 14.819783867000069 ], [ 121.214778630000069, 14.819767531000139 ], [ 121.214955054000143, 14.819813270999987 ], [ 121.215121677000297, 14.819862277000141 ], [ 121.215226224000162, 14.819894949 ], [ 121.215350375000071, 14.819950489000178 ], [ 121.215467991000196, 14.820019099000149 ], [ 121.215500662000181, 14.820077907000041 ], [ 121.215592141000116, 14.820117112 ], [ 121.215729360000068, 14.820159585000056 ], [ 121.215856777000226, 14.820179187000065 ], [ 121.216010332000224, 14.820211859000096 ], [ 121.21617042000014, 14.820205324000028 ], [ 121.216402385000038, 14.820205324000028 ], [ 121.216631083000152, 14.820218393000118 ], [ 121.216876117000197, 14.82023799600006 ], [ 121.21702640400008, 14.820241263000071 ], [ 121.217140753000081, 14.820228194000151 ], [ 121.217258369000206, 14.82018898900003 ], [ 121.217385787000012, 14.820153051000034 ], [ 121.217490335000207, 14.820041969000101 ], [ 121.217558944000075, 14.819960291000086 ], [ 121.217611218000116, 14.819849209000154 ], [ 121.217670026000064, 14.819741394000175 ], [ 121.217715765000207, 14.81962377800005 ], [ 121.21775497100009, 14.819496361000063 ], [ 121.217859518000068, 14.819303601000115 ], [ 121.21795426500023, 14.819231724000133 ], [ 121.218094751000081, 14.819208855000113 ], [ 121.218264641000133, 14.819208855000113 ], [ 121.218496606000031, 14.819192519000183 ], [ 121.218656694000174, 14.819195785999966 ], [ 121.218823317000329, 14.819228457000122 ], [ 121.218970337000087, 14.819280731000163 ], [ 121.219061816000135, 14.819310135000137 ], [ 121.219110823000165, 14.81937221000004 ], [ 121.219123892000084, 14.819450621000044 ], [ 121.219123892000084, 14.819558436000136 ], [ 121.219172898000011, 14.819653181999968 ], [ 121.219234974000074, 14.819751196000084 ], [ 121.219254576000026, 14.819826339000031 ], [ 121.219241508000209, 14.819947222000167 ], [ 121.21920883700011, 14.820028900000182 ], [ 121.219195768000191, 14.820143249000125 ], [ 121.219195768000191, 14.82019879 ], [ 121.219254576000026, 14.820211859000096 ], [ 121.219323186000224, 14.820149783000147 ], [ 121.219404863000136, 14.820077907000041 ], [ 121.219493076000049, 14.81998642800005 ], [ 121.219597623000141, 14.819878613000071 ], [ 121.219662965000225, 14.81978713400008 ], [ 121.219760979000284, 14.819653181999968 ], [ 121.21983285500005, 14.81946042200002 ], [ 121.220006012000226, 14.819202320000159 ], [ 121.220123629000113, 14.819123910000087 ], [ 121.220251046000044, 14.819114108000178 ], [ 121.220375196000077, 14.819104307000146 ], [ 121.220476477000034, 14.819136978000074 ], [ 121.220548353000027, 14.81918271800015 ], [ 121.220633298000052, 14.819277463999981 ], [ 121.220708442000046, 14.819375477 ], [ 121.220806455000115, 14.819476758000121 ], [ 121.220927339000013, 14.819591107000122 ], [ 121.220992681000098, 14.819676052000091 ], [ 121.221064557000318, 14.819711990000087 ], [ 121.221078522000198, 14.819743213000095 ], [ 121.221157321000192, 14.819626729000049 ], [ 121.221229267000126, 14.819479409999985 ], [ 121.221287509000149, 14.819345796000164 ], [ 121.221328621000112, 14.8191984770001 ], [ 121.221338899000102, 14.819064862000175 ], [ 121.221338899000102, 14.818965508000133 ], [ 121.221352603000014, 14.818910692000031 ], [ 121.221349177000093, 14.818804485000044 ], [ 121.221277231000158, 14.818722261000175 ], [ 121.221236119000309, 14.818619480000109 ], [ 121.221157321000192, 14.818540682000162 ], [ 121.221037410000122, 14.818489292000152 ], [ 121.220907221000061, 14.818403641000089 ], [ 121.220821571000101, 14.818307713000138 ], [ 121.22078388500006, 14.818266601000118 ], [ 121.220711939000125, 14.818228915000191 ], [ 121.220646844000157, 14.818208358000163 ], [ 121.220557768000049, 14.81820150600015 ], [ 121.220472117000327, 14.818177524000134 ], [ 121.220386467000026, 14.818177524000134 ], [ 121.220301061000214, 14.818237089000149 ], [ 121.220366420000232, 14.818084585000122 ], [ 121.220377313000085, 14.817932081000151 ], [ 121.220289689000197, 14.817768927000145 ], [ 121.220163082000113, 14.817605287000106 ], [ 121.219872662000057, 14.817643693999969 ], [ 121.219687415000067, 14.817492725000022 ], [ 121.219596639000201, 14.817332959000112 ], [ 121.219672891000073, 14.816940807000037 ], [ 121.219571222000127, 14.81664669200012 ], [ 121.219484077000288, 14.816407044000186 ], [ 121.219466602000011, 14.816176458000086 ], [ 121.219244428000138, 14.815531963000126 ], [ 121.219436097000084, 14.814793466000083 ], [ 121.219516756000075, 14.814500747000068 ], [ 121.219480446000262, 14.814261098000088 ], [ 121.219442411000045, 14.814020797000182 ], [ 121.219462291000127, 14.813611141000024 ], [ 121.219400563000136, 14.81344774500019 ], [ 121.219322322000153, 14.813369159000104 ], [ 121.219182701000022, 14.813001126000074 ], [ 121.219179070000223, 14.812634391000017 ], [ 121.2188316700001, 14.812023277000094 ], [ 121.218377840000016, 14.811287719000177 ], [ 121.218261702000177, 14.81102096 ], [ 121.218196343000159, 14.81074863200007 ], [ 121.218345013000203, 14.810189393000087 ], [ 121.21827259500003, 14.809982483000169 ], [ 121.218392419000224, 14.809750096000016 ], [ 121.218581234000112, 14.809815455000034 ], [ 121.219067659000302, 14.810291113000119 ], [ 121.218995172000064, 14.810007900000073 ], [ 121.21886082400033, 14.809750096000016 ], [ 121.218908027000111, 14.809543126000165 ], [ 121.219240758000183, 14.809121125000161 ], [ 121.21932922800022, 14.808893170000033 ], [ 121.219808430000057, 14.808713736000072 ], [ 121.219883208000056, 14.808432258000096 ], [ 121.219905470000072, 14.808348461000151 ], [ 121.219838480000021, 14.807913290000101 ], [ 121.219628733000036, 14.807682904000046 ], [ 121.219233314000235, 14.807153687000039 ], [ 121.219096161000039, 14.806672221000042 ], [ 121.219029733000184, 14.806168424000191 ], [ 121.218772776000151, 14.805960549000133 ], [ 121.218398071000138, 14.805774639 ], [ 121.217884161000256, 14.805358888000171 ], [ 121.217511513000204, 14.804921351000075 ], [ 121.216997232000153, 14.804551348000132 ], [ 121.216338885000141, 14.80454625200008 ], [ 121.215962875000059, 14.804520465000166 ], [ 121.215352489000225, 14.804401355000039 ], [ 121.21502518900013, 14.8041700550001 ], [ 121.214651613000115, 14.803846890000102 ], [ 121.214324689000136, 14.803569839000033 ], [ 121.213927229000092, 14.803292241000122 ], [ 121.213386261000096, 14.803310924000186 ], [ 121.213079291000099, 14.803468678000058 ], [ 121.212657196, 14.803328146000183 ], [ 121.212119791000077, 14.80291220100014 ], [ 121.211722522000173, 14.80261172400003 ], [ 121.210812306000207, 14.801781108000057 ], [ 121.210744021000096, 14.801506060000065 ], [ 121.210442682, 14.800977563000117 ], [ 121.210422548000111, 14.800565631000154 ], [ 121.209999522000089, 14.800539469000114 ], [ 121.209808799000029, 14.800858258000119 ], [ 121.209572366000089, 14.80101655500016 ], [ 121.209267462000071, 14.800922681000031 ], [ 121.208751704000065, 14.800735660999976 ], [ 121.2084962670001, 14.800344777000134 ], [ 121.208004586000015, 14.800089314000047 ], [ 121.20755899000028, 14.799948590000156 ], [ 121.207115650000219, 14.799533367000151 ], [ 121.206576949000123, 14.799277536000034 ], [ 121.206249855000237, 14.799023349000038 ], [ 121.206183834000058, 14.79847380200016 ], [ 121.206093737000288, 14.797992698000144 ], [ 121.205767962000095, 14.797578387000044 ], [ 121.205535292000036, 14.797279183000171 ], [ 121.205184126000063, 14.797093438000161 ], [ 121.204903495000053, 14.79690824100004 ], [ 121.204671016000248, 14.79658616100005 ], [ 121.204412407000063, 14.796398618000069 ], [ 121.20411013200021, 14.796170018000169 ], [ 121.204018599000051, 14.795980298000075 ], [ 121.20370648800008, 14.795884598000157 ], [ 121.203597967000064, 14.795548365000116 ], [ 121.203247559000033, 14.79527111900012 ], [ 121.203085806000217, 14.794926713000052 ], [ 121.202829444000145, 14.79465019800017 ], [ 121.20252511700005, 14.794487691000143 ], [ 121.202314271000205, 14.794394542000134 ], [ 121.202198601000077, 14.794164876000139 ], [ 121.201846500000102, 14.794093501000191 ], [ 121.201588444000095, 14.794022859000052 ], [ 121.201377787000183, 14.793906834000097 ], [ 121.201143054000227, 14.793859250000082 ], [ 121.200838919000034, 14.793673866 ], [ 121.200628452000046, 14.793534966000095 ], [ 121.200208460000113, 14.793142790000161 ], [ 121.200164080000036, 14.792822174999969 ], [ 121.200003465, 14.792340518 ], [ 121.199984105000112, 14.791837088000079 ], [ 121.199774960000013, 14.791538063000132 ], [ 121.199423619000186, 14.791375186000096 ], [ 121.199118735000184, 14.791281299000048 ], [ 121.198790528000245, 14.791164354000045 ], [ 121.198484700000336, 14.791184841000074 ], [ 121.198295293000228, 14.791343495000035 ], [ 121.198152907, 14.791502517000026 ], [ 121.197682126000018, 14.791567467000107 ], [ 121.197377242000016, 14.791473579000126 ], [ 121.197214745000338, 14.791220668999983 ], [ 121.197217579000039, 14.790877547000036 ], [ 121.197268379000207, 14.79042041800011 ], [ 121.197035161000031, 14.790189832000067 ], [ 121.196779002000085, 14.789890436000178 ], [ 121.196758326, 14.789547130000187 ], [ 121.196504812000171, 14.78892748800007 ], [ 121.196508213000016, 14.788515742000072 ], [ 121.196465539000201, 14.787989253000148 ], [ 121.196234404000165, 14.787507043000062 ], [ 121.19600100200023, 14.787299331000099 ], [ 121.195533444000034, 14.786975406000181 ], [ 121.19530042100007, 14.786721943000089 ], [ 121.195017732000224, 14.786788360000173 ], [ 121.194618436000042, 14.786739483000133 ], [ 121.194265784000322, 14.786736722000171 ], [ 121.193983851000212, 14.786711638000043 ], [ 121.193985744000088, 14.786482891000048 ], [ 121.194245301000137, 14.786370541000167 ], [ 121.194574631000023, 14.786350243000072 ], [ 121.194623921000016, 14.786076113000149 ], [ 121.194390901000133, 14.785822651000103 ], [ 121.194111428000156, 14.785500195000054 ], [ 121.1937128940001, 14.785359817000028 ], [ 121.193315494000217, 14.785082190000026 ], [ 121.192755609000187, 14.784551650000026 ], [ 121.192222076, 14.783678172000066 ], [ 121.191681919000189, 14.783605310000041 ], [ 121.191353540000023, 14.783511230999977 ], [ 121.191119957000183, 14.783326388000091 ], [ 121.190911400000118, 14.782958734000033 ], [ 121.190537709000182, 14.782658412000046 ], [ 121.190516094000031, 14.782429480000133 ], [ 121.190590792000194, 14.781926789000181 ], [ 121.190524053000104, 14.78146874100014 ], [ 121.190362140000275, 14.78114720300016 ], [ 121.189964183000143, 14.780938196000022 ], [ 121.189730605000022, 14.78075335300008 ], [ 121.189403937000179, 14.780453399000123 ], [ 121.189241078000236, 14.78024623500005 ], [ 121.189103055000146, 14.779879132000133 ], [ 121.189083149000226, 14.779444327000135 ], [ 121.189133012000184, 14.779101575000027 ], [ 121.18897542600007, 14.778875461000155 ], [ 121.188777913000195, 14.778533105000065 ], [ 121.188527730000033, 14.778318036000087 ], [ 121.187886911000192, 14.777813281000022 ], [ 121.187584058000084, 14.77763771400015 ], [ 121.187333875000263, 14.777475315000117 ], [ 121.187150857, 14.777141534000123 ], [ 121.186681056000339, 14.777092090999986 ], [ 121.185482200000138, 14.779649800000186 ], [ 121.185580400000049, 14.7800153 ], [ 121.185580400000049, 14.780206099999987 ], [ 121.185531300000093, 14.7804188 ], [ 121.185504000000151, 14.78057160000003 ], [ 121.185545800000227, 14.7806893 ], [ 121.18550950000008, 14.780822400000034 ], [ 121.185193200000185, 14.780953300000021 ], [ 121.184773200000222, 14.780975100000035 ], [ 121.184544200000119, 14.781007900000077 ], [ 121.184342400000105, 14.781007900000077 ], [ 121.183976900000062, 14.780980600000134 ], [ 121.183753300000035, 14.781013299999984 ], [ 121.183627900000147, 14.781078800000103 ], [ 121.18349700000033, 14.781226 ], [ 121.183327900000222, 14.7813569 ], [ 121.1831916000001, 14.781487799999979 ], [ 121.183060700000283, 14.781602300000088 ], [ 121.182935200000202, 14.781673200000057 ], [ 121.182722500000068, 14.781733200000076 ], [ 121.18255350000004, 14.781716900000106 ], [ 121.182444400000122, 14.781766000000118 ], [ 121.182329900000013, 14.781869600000164 ], [ 121.182438900000193, 14.781951399999969 ], [ 121.182433500000116, 14.782027800000094 ], [ 121.18236260000026, 14.782142300000146 ], [ 121.182253500000115, 14.782153199999982 ], [ 121.18214990000024, 14.782104100000026 ], [ 121.182079, 14.782115 ], [ 121.181909900000278, 14.782196800000065 ], [ 121.181762600000184, 14.782235000000185 ], [ 121.181686300000251, 14.782180500000095 ], [ 121.181664500000011, 14.782049600000107 ], [ 121.181631700000025, 14.781984100000045 ], [ 121.181555400000093, 14.782000500000152 ], [ 121.181473600000118, 14.78209870000012 ], [ 121.181419, 14.782224100000178 ], [ 121.181326300000137, 14.78228409999997 ], [ 121.181222700000262, 14.782289500000104 ], [ 121.181168200000229, 14.782235000000185 ], [ 121.181091800000104, 14.78212590000004 ], [ 121.181037300000071, 14.782022300000165 ], [ 121.180966400000216, 14.781989600000145 ], [ 121.180846400000064, 14.782060500000114 ], [ 121.180655500000057, 14.78209870000012 ], [ 121.180519100000311, 14.782115 ], [ 121.180399200000011, 14.782153199999982 ], [ 121.180262800000037, 14.782169600000088 ], [ 121.180077400000187, 14.782202300000165 ], [ 121.179875600000059, 14.782196800000065 ], [ 121.179739200000085, 14.782142300000146 ], [ 121.179624700000204, 14.782087700000091 ], [ 121.179542900000229, 14.78209870000012 ], [ 121.179482900000039, 14.782169600000088 ], [ 121.179439300000013, 14.782240500000114 ], [ 121.179341100000215, 14.782273200000134 ], [ 121.179177500000151, 14.782256800000027 ], [ 121.179046600000333, 14.782229600000107 ], [ 121.178964800000017, 14.782224100000178 ], [ 121.178844800000206, 14.782251400000121 ], [ 121.178778627000156, 14.782284486000037 ], [ 121.178724045000081, 14.782312816000058 ], [ 121.178681200000142, 14.782393200000115 ], [ 121.178713900000162, 14.782485900000154 ], [ 121.178741200000104, 14.782562200000086 ], [ 121.178724800000055, 14.782644000000118 ], [ 121.178495700000099, 14.782655000000148 ], [ 121.178293900000085, 14.782633100000112 ], [ 121.17819030000021, 14.782644000000118 ], [ 121.178095712000186, 14.78270078800017 ], [ 121.178081200000065, 14.78270950000018 ], [ 121.177966700000184, 14.7828404 ], [ 121.177874, 14.782949500000143 ], [ 121.177770400000099, 14.783124 ], [ 121.17769450000003, 14.783259700000087 ], [ 121.177410000000123, 14.783268100000043 ], [ 121.177235600000245, 14.783176300000093 ], [ 121.177234800000178, 14.782938500000114 ], [ 121.177323800000067, 14.782597900000042 ], [ 121.177348700000039, 14.782288900000026 ], [ 121.177179600000045, 14.781938100000161 ], [ 121.17650620000029, 14.781647200000066 ], [ 121.175943400000051, 14.781410600000186 ], [ 121.175686900000187, 14.781206100000134 ], [ 121.175597700000253, 14.780956800000126 ], [ 121.175144, 14.77997820000013 ], [ 121.174854600000231, 14.77949690000014 ], [ 121.174567700000125, 14.77938 ], [ 121.174049100000047, 14.779453900000135 ], [ 121.173756000000139, 14.779551600000048 ], [ 121.173476400000027, 14.779616900000121 ], [ 121.173313300000245, 14.779614600000116 ], [ 121.173130600000036, 14.779548700000134 ], [ 121.173001200000044, 14.779436800000099 ], [ 121.172993400000109, 14.779271000000108 ], [ 121.173189600000114, 14.778928100000144 ], [ 121.173329500000023, 14.778785 ], [ 121.173404100000084, 14.778567100000089 ], [ 121.173477600000183, 14.778259600000069 ], [ 121.173623600000042, 14.777844600000037 ], [ 121.173692200000119, 14.777645500000062 ], [ 121.173735100000158, 14.77728860000019 ], [ 121.173906800000168, 14.776898500000073 ], [ 121.174078500000178, 14.776649600000098 ], [ 121.174250100000108, 14.776400600000102 ], [ 121.174181500000145, 14.775753200000167 ], [ 121.17405030000009, 14.775220600000125 ], [ 121.173927700000149, 14.77484440000012 ], [ 121.173825900000224, 14.774625600000149 ], [ 121.173477600000183, 14.774292600000081 ], [ 121.173151500000017, 14.774193 ], [ 121.173500544000149, 14.772440843000084 ], [ 121.174123381000072, 14.770145351000053 ], [ 121.175545940000234, 14.767772458000081 ], [ 121.175944820000041, 14.76583689500012 ], [ 121.176606439000011, 14.763544206 ], [ 121.176448434000122, 14.76345044500016 ], [ 121.176318210000204, 14.763335848 ], [ 121.176274802000194, 14.763247296000145 ], [ 121.176285220000295, 14.763115336000055 ], [ 121.176297374000114, 14.763011157000051 ], [ 121.176349464000282, 14.762884405000079 ], [ 121.176418916000216, 14.762787171000184 ], [ 121.17651094100006, 14.762632639000174 ], [ 121.176535250000029, 14.762563186000023 ], [ 121.17661338400012, 14.762464216000183 ], [ 121.176653319000138, 14.762384346000147 ], [ 121.176665474000174, 14.762278430000094 ], [ 121.176731454000105, 14.762132579000024 ], [ 121.176759235000191, 14.762021455000081 ], [ 121.176767916000131, 14.761837405000108 ], [ 121.176773125000068, 14.761729753999987 ], [ 121.176769653000179, 14.761599530000069 ], [ 121.176762708000069, 14.761533550000081 ], [ 121.176759235000191, 14.761438052000187 ], [ 121.176743608000038, 14.76136512700009 ], [ 121.176698464000083, 14.761286992000123 ], [ 121.17662032900023, 14.761241848000111 ], [ 121.17656129500017, 14.761224485000014 ], [ 121.176495315000011, 14.761233167000057 ], [ 121.176380717000143, 14.761288729 ], [ 121.176200140000219, 14.76126615700008 ], [ 121.176040399000044, 14.761201913000093 ], [ 121.175805996000122, 14.761163714000077 ], [ 121.175644519000116, 14.761116833000187 ], [ 121.175455260000035, 14.761071689000175 ], [ 121.1752590560003, 14.761005709000017 ], [ 121.175179185000047, 14.760993555000084 ], [ 121.174923946000149, 14.760915420000117 ], [ 121.174781568000071, 14.760872012000107 ], [ 121.17460446400014, 14.760778251000033 ], [ 121.174328389000152, 14.760701853000114 ], [ 121.174158230000216, 14.760651500000108 ], [ 121.17394813500016, 14.760580311000183 ], [ 121.173776240000052, 14.760543848000111 ], [ 121.17355572800011, 14.760536903000173 ], [ 121.173427240000137, 14.760514331000081 ], [ 121.17322582700001, 14.760498704000099 ], [ 121.173048723000079, 14.760545584000056 ], [ 121.17295148900007, 14.760552530000098 ], [ 121.172875091000151, 14.76052127600019 ], [ 121.172786539000072, 14.760500440000044 ], [ 121.172682359000191, 14.760505649000038 ], [ 121.172607698000093, 14.760505649000038 ], [ 121.172487892000163, 14.760458769000081 ], [ 121.172348986000088, 14.760297291000029 ], [ 121.172303842000019, 14.760213948000171 ], [ 121.172269116000052, 14.760116714000105 ], [ 121.17221008100023, 14.759984754000016 ], [ 121.17220660800001, 14.759788550000167 ], [ 121.172256961000016, 14.759717361000014 ], [ 121.172335096000097, 14.759693052000046 ], [ 121.17253130000006, 14.759729515000117 ], [ 121.172691041, 14.759701734000089 ], [ 121.17283168300014, 14.759614918000182 ], [ 121.172904608000181, 14.759536782999987 ], [ 121.172939335000137, 14.759423923000099 ], [ 121.172989688000143, 14.759298908000119 ], [ 121.173026150000169, 14.759172157000023 ], [ 121.173057404000019, 14.759040196000058 ], [ 121.173071295000227, 14.758899555000028 ], [ 121.173040041000149, 14.758857883000132 ], [ 121.173019205000173, 14.758725923000043 ], [ 121.173029623000161, 14.758637371000191 ], [ 121.172974061000332, 14.75852103700015 ], [ 121.172921971000164, 14.758456793000164 ], [ 121.172725767000088, 14.758402968000098 ], [ 121.17258686200023, 14.758427276000134 ], [ 121.172453165000093, 14.758481102000133 ], [ 121.1723385680001, 14.75852103700015 ], [ 121.172279534000154, 14.758555764000107 ], [ 121.172217359000115, 14.75853362100014 ], [ 121.17209662200014, 14.758472777000065 ], [ 121.172004794000031, 14.758405356000083 ], [ 121.171657888000027, 14.758290247000048 ], [ 121.17151164400002, 14.758212959000048 ], [ 121.171384105000016, 14.758127450000188 ], [ 121.171305881000194, 14.758025907000047 ], [ 121.171259967000083, 14.757881198000064 ], [ 121.1712684700002, 14.757759511000017 ], [ 121.171316084000068, 14.757572047000167 ], [ 121.171441923000089, 14.75719382900013 ], [ 121.171450425000216, 14.757080364000046 ], [ 121.171389207000175, 14.756614991 ], [ 121.171382404000042, 14.756545925000182 ], [ 121.171344993000048, 14.756473570000139 ], [ 121.171309282000038, 14.756062462000045 ], [ 121.17129737900018, 14.755978596000034 ], [ 121.171202150000227, 14.755687531000035 ], [ 121.171103519000098, 14.755531309000048 ], [ 121.171020194000107, 14.755332332000023 ], [ 121.170916462000037, 14.754991933000042 ], [ 121.170865447000097, 14.754855443999986 ], [ 121.170845041, 14.754763355000136 ], [ 121.170829736000087, 14.754597266000133 ], [ 121.170868848000168, 14.754439400000024 ], [ 121.170996387000173, 14.754192733000139 ], [ 121.171098418000156, 14.754196022000144 ], [ 121.171176642000205, 14.754143399000156 ], [ 121.171292277000134, 14.754064466000102 ], [ 121.171336490000158, 14.754021710000131 ], [ 121.171571162000191, 14.753607308000142 ], [ 121.1716629900003, 14.753456019000112 ], [ 121.171775224000044, 14.753298151000024 ], [ 121.171877255000027, 14.752979127000117 ], [ 121.171972484000207, 14.752617346000079 ], [ 121.171999693000203, 14.752472633000139 ], [ 121.172037104000196, 14.752199653000105 ], [ 121.172043906000226, 14.752061518000119 ], [ 121.171996292000017, 14.751729336000153 ], [ 121.171870453000111, 14.751397153000141 ], [ 121.17173781300005, 14.751180083000122 ], [ 121.17151674500019, 14.750923546000081 ], [ 121.171251465000068, 14.750726209000049 ], [ 121.17092496500004, 14.750571628000102 ], [ 121.170798100000184, 14.750439700000015 ], [ 121.170231153000032, 14.750081574000092 ], [ 121.170057701000133, 14.750009217000013 ], [ 121.169918258000052, 14.749917126000128 ], [ 121.169646175000139, 14.749709921000147 ], [ 121.16956114900006, 14.749667165000176 ], [ 121.169214243000283, 14.749555340000029 ], [ 121.169098608000013, 14.749552051000023 ], [ 121.169006780000132, 14.749509295000053 ], [ 121.168727895000188, 14.749058705999971 ], [ 121.168615661000104, 14.74886465600008 ], [ 121.168615661000104, 14.748818611000104 ], [ 121.16857144700009, 14.74879887700007 ], [ 121.168500025000185, 14.748808744000087 ], [ 121.168070797000041, 14.744771762000028 ], [ 121.16794450000009, 14.744460500000059 ], [ 121.168184600000131, 14.744350200000156 ], [ 121.168334800000139, 14.744301800000073 ], [ 121.168956300000218, 14.743739700000106 ], [ 121.169403900000134, 14.74322050000012 ], [ 121.169473500000208, 14.743047100000126 ], [ 121.169591500000024, 14.742798000000164 ], [ 121.169720300000108, 14.74265800000012 ], [ 121.169773700000178, 14.742585400000166 ], [ 121.169741700000145, 14.74241410000019 ], [ 121.169747100000109, 14.742258500000105 ], [ 121.169768600000111, 14.742118400000038 ], [ 121.16975780000007, 14.741983600000083 ], [ 121.169639800000027, 14.741848700000105 ], [ 121.168684800000051, 14.742180800000085 ], [ 121.16859890000012, 14.742191200000036 ], [ 121.168474820000142, 14.742232750000085 ], [ 121.16842540000016, 14.742249300000026 ], [ 121.168326300000103, 14.74229170000018 ], [ 121.168282400000066, 14.742310500000144 ], [ 121.168103500000143, 14.742363400000045 ], [ 121.167965900000127, 14.742424600000163 ], [ 121.167882500000019, 14.742504800000063 ], [ 121.167632900000058, 14.742470200000014 ], [ 121.167632334000018, 14.742227600000035 ], [ 121.167723050000063, 14.741481892000138 ], [ 121.168389700000034, 14.74136110000012 ], [ 121.171790177000048, 14.740853155000082 ], [ 121.175229100000138, 14.743695599999967 ], [ 121.175400700000296, 14.743135399999971 ], [ 121.175261300000102, 14.74291750000009 ], [ 121.175215617000049, 14.742790871000182 ], [ 121.175175400000171, 14.742678800000078 ], [ 121.175175400000171, 14.742429800000082 ], [ 121.175196900000174, 14.742191200000036 ], [ 121.175025200000164, 14.7420148 ], [ 121.174767700000189, 14.741651600000125 ], [ 121.17477190000011, 14.741611700000021 ], [ 121.174799900000153, 14.741340400000183 ], [ 121.17470340000034, 14.741018699999984 ], [ 121.174671400000193, 14.740894200000184 ], [ 121.174601700000267, 14.740728200000149 ], [ 121.174505100000147, 14.740484400000014 ], [ 121.174449600000116, 14.740194900000063 ], [ 121.17437313500011, 14.740016696000055 ], [ 121.174331600000301, 14.739919900000018 ], [ 121.174154600000065, 14.73999770000006 ], [ 121.174084800000173, 14.739842099999976 ], [ 121.173993700000096, 14.739722800000095 ], [ 121.173961500000019, 14.739530800000182 ], [ 121.173907800000052, 14.7393078 ], [ 121.174033700000223, 14.739106800000116 ], [ 121.174201900000071, 14.738827700000115 ], [ 121.174244000000158, 14.73869 ], [ 121.174259300000017, 14.738556200000176 ], [ 121.174236300000075, 14.738437700000134 ], [ 121.174052800000027, 14.738319100000126 ], [ 121.17385390000004, 14.7382235 ], [ 121.173751300000049, 14.738103200000182 ], [ 121.173705022000149, 14.738048979000041 ], [ 121.173634200000151, 14.737966 ], [ 121.173522647000254, 14.737816255000155 ], [ 121.173437153000123, 14.737701489000074 ], [ 121.173340300000177, 14.7378888 ], [ 121.173082800000202, 14.738029900000186 ], [ 121.172722300000032, 14.737946900000054 ], [ 121.172276, 14.737805800000103 ], [ 121.171795400000065, 14.737556800000107 ], [ 121.171452, 14.737258 ], [ 121.171108700000104, 14.736726700000133 ], [ 121.170765400000164, 14.736012900000048 ], [ 121.170404900000108, 14.735481600000185 ], [ 121.169246200000202, 14.735066600000096 ], [ 121.168562402000134, 14.734906613000135 ], [ 121.168252900000084, 14.73483420000008 ], [ 121.167459300000132, 14.734577500000171 ], [ 121.166671300000075, 14.734336100000064 ], [ 121.16589880000015, 14.734153500000048 ], [ 121.165250200000173, 14.733989200000167 ], [ 121.164760200000046, 14.733935500000143 ], [ 121.164139300000102, 14.73386290000019 ], [ 121.163729058000058, 14.733716180000101 ], [ 121.163512700000069, 14.733638800000108 ], [ 121.163152200000127, 14.733472800000072 ], [ 121.162857501000303, 14.73351664300003 ], [ 121.162594300000137, 14.733555799999976 ], [ 121.162225200000307, 14.733738400000163 ], [ 121.161881900000139, 14.734087100000067 ], [ 121.161435600000345, 14.73431950000014 ], [ 121.161049400000024, 14.734717900000021 ], [ 121.16073960000017, 14.735050199999989 ], [ 121.160295100000099, 14.735238 ], [ 121.1600793, 14.735464600000171 ], [ 121.15991420000023, 14.735544000000175 ], [ 121.159652700000265, 14.735693900000172 ], [ 121.159462562000158, 14.735772770000096 ], [ 121.15921935200015, 14.735873654000102 ], [ 121.159034886000086, 14.735950171000127 ], [ 121.159029124000199, 14.73595256200008 ], [ 121.158963700000072, 14.735979699999973 ], [ 121.15812801800007, 14.736309549 ], [ 121.157702000000199, 14.736477699999966 ], [ 121.157272800000214, 14.736544100000174 ], [ 121.156646200000068, 14.736726700000133 ], [ 121.156182800000011, 14.737017200000025 ], [ 121.155770794000091, 14.737208203000137 ], [ 121.155101295, 14.737158406000162 ], [ 121.154714080000076, 14.737197527000149 ], [ 121.153951195000104, 14.737274605000096 ], [ 121.151898249000055, 14.737245834000134 ], [ 121.151765665000084, 14.737243976000173 ], [ 121.151582195000174, 14.737241405000191 ], [ 121.151259096000331, 14.737195290000045 ], [ 121.150570989000016, 14.73709707800009 ], [ 121.149487996000175, 14.736942505000172 ], [ 121.148934050000207, 14.736837085000161 ], [ 121.148704793000093, 14.736793552 ], [ 121.148003094000046, 14.736660305999976 ], [ 121.147292296000046, 14.736714903000177 ], [ 121.147447600000078, 14.736957100000041 ], [ 121.14755080000009, 14.73701090000003 ], [ 121.147728900000061, 14.737407200000177 ], [ 121.147788500000047, 14.7381378 ], [ 121.147734, 14.738654200000099 ], [ 121.147400600000083, 14.739388500000132 ], [ 121.147135733000141, 14.74032991200005 ], [ 121.147086500000228, 14.740504900000133 ], [ 121.146935800000051, 14.741066500000045 ], [ 121.146832609000057, 14.74126556300007 ], [ 121.146826538000028, 14.741277272000104 ], [ 121.146732800000109, 14.741458100000102 ], [ 121.146720408000192, 14.741464742000119 ], [ 121.146136, 14.741778000000124 ], [ 121.145762900000136, 14.742753000000164 ], [ 121.145773500000132, 14.742804200000137 ], [ 121.145848700000101, 14.743168 ], [ 121.145960300000183, 14.743500000000154 ], [ 121.146518200000287, 14.743832 ], [ 121.146490182000093, 14.743927192000115 ], [ 121.14645633300006, 14.744004937999989 ], [ 121.146350553000048, 14.744144062000146 ], [ 121.146279310000068, 14.744254415000114 ], [ 121.146337539000342, 14.74465606300015 ], [ 121.146462862000021, 14.745520515000067 ], [ 121.146368561000031, 14.745688281000128 ], [ 121.14629554700025, 14.745825818000014 ], [ 121.146193998000285, 14.745985400000109 ], [ 121.146151686000167, 14.746185900000171 ], [ 121.146147455000118, 14.746394584000029 ], [ 121.14611783600003, 14.746566441000084 ], [ 121.146071293000205, 14.746631910000133 ], [ 121.146062831000222, 14.746807859 ], [ 121.146100911000303, 14.747098379000079 ], [ 121.146143224000184, 14.747278419000054 ], [ 121.146177073000217, 14.747446183000079 ], [ 121.146265928000048, 14.747609856 ], [ 121.14635901500003, 14.747736702000054 ], [ 121.146490182000093, 14.747867640000038 ], [ 121.146532494000098, 14.747953568000014 ], [ 121.146545188000232, 14.748117240000056 ], [ 121.146498645000179, 14.748207260000072 ], [ 121.14644363900004, 14.748383208000064 ], [ 121.145725517000187, 14.748297363000177 ], [ 121.145722116000115, 14.748340121000126 ], [ 121.145677901000113, 14.74836972300011 ], [ 121.145599675000085, 14.748399325000037 ], [ 121.145562263000329, 14.748435504000099 ], [ 121.145501042000319, 14.748468395000089 ], [ 121.145419415000106, 14.748468395000089 ], [ 121.145327585000132, 14.74845195000006 ], [ 121.14523915500024, 14.748448661000054 ], [ 121.145157528000141, 14.748524309000118 ], [ 121.145092907000048, 14.748665739000103 ], [ 121.145048692000046, 14.74876770100019 ], [ 121.145004477000043, 14.748823615000163 ], [ 121.145055494000076, 14.749014381000165 ], [ 121.145123517000115, 14.749320263000072 ], [ 121.145194941000113, 14.74955049800019 ], [ 121.14523915500024, 14.749642591000054 ], [ 121.145269766000069, 14.749711661000106 ], [ 121.14525616100002, 14.749757708000118 ], [ 121.145143924000081, 14.749862958000108 ], [ 121.145028285000194, 14.749882692000142 ], [ 121.144912647000069, 14.749892559000159 ], [ 121.144831020000311, 14.749879403000136 ], [ 121.144688172000087, 14.749760997000124 ], [ 121.144633754000324, 14.749695216000077 ], [ 121.144535121000104, 14.749589966000087 ], [ 121.144470500000011, 14.749530763000053 ], [ 121.144429686000194, 14.749504451 ], [ 121.144358262000083, 14.749547208000081 ], [ 121.14430044300002, 14.749642591000054 ], [ 121.144252827000173, 14.749770864000141 ], [ 121.144229019000022, 14.749830067000119 ], [ 121.14426983300018, 14.750076746000047 ], [ 121.144320850000213, 14.75032342500009 ], [ 121.144331053000087, 14.750497744000029 ], [ 121.144334455000035, 14.750695086 ], [ 121.144320850000213, 14.750783890000093 ], [ 121.14433785600022, 14.750846382000134 ], [ 121.144395675000055, 14.751047013000118 ], [ 121.144402477000085, 14.751204887000029 ], [ 121.144358262000083, 14.751352892999989 ], [ 121.144327652000015, 14.751402229000178 ], [ 121.144266432000109, 14.751412096000024 ], [ 121.144222217000106, 14.751402229000178 ], [ 121.143987539000022, 14.751287113000103 ], [ 121.14391271400018, 14.751290402000109 ], [ 121.143817483000021, 14.751336448000188 ], [ 121.143674635000139, 14.751461431000109 ], [ 121.143586206, 14.751514056000133 ], [ 121.143497776000117, 14.751556813000036 ], [ 121.143280104000041, 14.751606148000121 ], [ 121.143079437000097, 14.751596281000104 ], [ 121.142919584000083, 14.751770600000043 ], [ 121.142807347000144, 14.751944918000049 ], [ 121.142725720000044, 14.752017276000174 ], [ 121.142650895000315, 14.752040299000043 ], [ 121.142606680000085, 14.752060033000078 ], [ 121.142460431000018, 14.752010698000163 ], [ 121.14211691700018, 14.751842958000168 ], [ 121.142021685000145, 14.751846247000174 ], [ 121.141899245000104, 14.751895582000088 ], [ 121.141722386000311, 14.75205016600006 ], [ 121.14161014900003, 14.752175149000038 ], [ 121.141446894000069, 14.752313288000153 ], [ 121.141008148000196, 14.75264547800009 ], [ 121.140753064000023, 14.752832951000073 ], [ 121.140683447000242, 14.752873550000174 ], [ 121.140671436000048, 14.752878998000085 ], [ 121.140596611000205, 14.752938200000187 ], [ 121.140263301000118, 14.753122384000164 ], [ 121.139950397, 14.753214476000096 ], [ 121.139943594000215, 14.753323013000113 ], [ 121.140011617000255, 14.753494041000067 ], [ 121.140134058000172, 14.753619023000113 ], [ 121.14030411400006, 14.753776894000111 ], [ 121.140416352000102, 14.753865697000094 ], [ 121.140443561000097, 14.753928188000032 ], [ 121.140480973000194, 14.754076193000117 ], [ 121.140463967000073, 14.75427682100019 ], [ 121.140463967000073, 14.754533362000188 ], [ 121.140504781000232, 14.75477016800005 ], [ 121.140487775000224, 14.754888570999981 ], [ 121.140416352000102, 14.754967507000117 ], [ 121.140334724000127, 14.75506946500002 ], [ 121.140229289000104, 14.755102355000076 ], [ 121.140157866000209, 14.755099066000071 ], [ 121.140052431000072, 14.754987240000048 ], [ 121.139848363000056, 14.754766879000044 ], [ 121.139756532000206, 14.754635320000091 ], [ 121.139668103000076, 14.754602430000034 ], [ 121.139549063000345, 14.754609008000045 ], [ 121.139494645000127, 14.754760301000033 ], [ 121.139443628000095, 14.755033286000128 ], [ 121.139351798000121, 14.755217469 ], [ 121.139259967000044, 14.755332583000154 ], [ 121.139096713000072, 14.755342449000068 ], [ 121.138909650000073, 14.755270092000046 ], [ 121.138851898000098, 14.755226762000177 ], [ 121.138712385000076, 14.755122088000064 ], [ 121.138552532000062, 14.755062887 ], [ 121.13844029400002, 14.755043152999974 ], [ 121.138304249000043, 14.75506946500002 ], [ 121.138192012000104, 14.755145111000104 ], [ 121.138093379000338, 14.755250358000183 ], [ 121.138059368000086, 14.755352316000085 ], [ 121.138358667000261, 14.756250203000036 ], [ 121.1385066160002, 14.75655772000016 ], [ 121.138601848, 14.756735323000044 ], [ 121.138623955000185, 14.756899771000121 ], [ 121.138615453000057, 14.75699021700018 ], [ 121.138620778000018, 14.75707039800011 ], [ 121.138494166000214, 14.757218493000039 ], [ 121.138317185, 14.757323020000058 ], [ 121.138064280000208, 14.75740530500002 ], [ 121.137753248000195, 14.757523369000012 ], [ 121.137470328000063, 14.757623969000178 ], [ 121.137366190000307, 14.757719255000097 ], [ 121.137339779000172, 14.757899414000178 ], [ 121.137356587000113, 14.758020698000053 ], [ 121.137408312000048, 14.758172746000014 ], [ 121.137471437000045, 14.758315957999969 ], [ 121.137505551000231, 14.758417039000108 ], [ 121.137586981000027, 14.758518671000161 ], [ 121.137640905000012, 14.758585069000105 ], [ 121.137824278000039, 14.758585456000048 ], [ 121.137935225000092, 14.758522967000147 ], [ 121.138082491000205, 14.758508167000173 ], [ 121.13820084200006, 14.758533615000147 ], [ 121.138347607000242, 14.758606666000048 ], [ 121.138805072000196, 14.75905717 ], [ 121.139438107000046, 14.759745125 ], [ 121.139993423000192, 14.760345198000039 ], [ 121.140168100000324, 14.760545085000103 ], [ 121.14029595500017, 14.760674741 ], [ 121.140389596000205, 14.760789991000138 ], [ 121.140508448000105, 14.760883632000173 ], [ 121.140529860000015, 14.760938205000116 ], [ 121.140503352000223, 14.761009687000183 ], [ 121.140430322000043, 14.761131590000048 ], [ 121.140382700000146, 14.76127017500005 ], [ 121.140358585000058, 14.761404996000124 ], [ 121.140348178000295, 14.761512105 ], [ 121.140346377000242, 14.761580535000178 ], [ 121.14031146700006, 14.761717238000017 ], [ 121.14034648400002, 14.761849558000165 ], [ 121.140428415000088, 14.76191251 ], [ 121.140493944000127, 14.761970297000119 ], [ 121.140606792000199, 14.762015079999969 ], [ 121.140674323000212, 14.76207842000008 ], [ 121.140762161000225, 14.762123670999983 ], [ 121.140861401000052, 14.762181997000027 ], [ 121.140970244000073, 14.762205245000189 ], [ 121.141027872000222, 14.762284642000054 ], [ 121.141002273000026, 14.762397164000163 ], [ 121.140912851000053, 14.76250976100016 ], [ 121.140605787000027, 14.76278097300019 ], [ 121.140524916000231, 14.76298389100009 ], [ 121.140366413000152, 14.763175856000089 ], [ 121.140194139000073, 14.763298943000052 ], [ 121.140210027000194, 14.763363385000048 ], [ 121.140153693000116, 14.763438944000029 ], [ 121.140015033000054, 14.763415534000046 ], [ 121.139923193000072, 14.763379044000033 ], [ 121.139821754000081, 14.76341928700009 ], [ 121.139834159000316, 14.763552393000055 ], [ 121.139843166000105, 14.763666630000046 ], [ 121.139921198000138, 14.763800675000027 ], [ 121.139986628000088, 14.763948889 ], [ 121.140098620000117, 14.764158087000112 ], [ 121.140250929000331, 14.76431046800019 ], [ 121.140354595000076, 14.76446797400007 ], [ 121.140663920000179, 14.764918876000081 ], [ 121.140716114000043, 14.765025159000061 ], [ 121.140718279000112, 14.765102729000091 ], [ 121.140653990000033, 14.765144446000079 ], [ 121.140445733000092, 14.765250296000147 ], [ 121.140143268000088, 14.765444907000187 ], [ 121.140122816000144, 14.765494835000027 ], [ 121.14010582700007, 14.765536310000186 ], [ 121.140011315000038, 14.765934340000058 ], [ 121.140486641000166, 14.766515469000126 ], [ 121.1407554540001, 14.766839744000038 ], [ 121.140974930000084, 14.767137216000151 ], [ 121.141061996000076, 14.767255117000047 ], [ 121.141100087000041, 14.767313160000128 ], [ 121.141105528000253, 14.767402039000103 ], [ 121.141098273000125, 14.767525380999984 ], [ 121.141056440000284, 14.767602919000012 ], [ 121.14100837, 14.767753309000057 ], [ 121.140967053000054, 14.767871299000035 ], [ 121.140946646000089, 14.767989998000189 ], [ 121.140955658000166, 14.768085125000141 ], [ 121.141039327000044, 14.76814701100011 ], [ 121.14127941900017, 14.768299883000111 ], [ 121.141325285000107, 14.768369259 ], [ 121.141398719000108, 14.76849231000017 ], [ 121.141434155000184, 14.768531684000038 ], [ 121.141564316000199, 14.768584873000066 ], [ 121.141844632000129, 14.768854844000145 ], [ 121.141871922000064, 14.769010620000074 ], [ 121.141790195000112, 14.769132608 ], [ 121.141712163000079, 14.769200450000142 ], [ 121.141497120000167, 14.769299314000136 ], [ 121.141388210000059, 14.769392315000118 ], [ 121.141338625000117, 14.76948377400015 ], [ 121.141397804000121, 14.769642154999985 ], [ 121.141433070000176, 14.769691476999981 ], [ 121.141470702000106, 14.769719703000021 ], [ 121.141522894000332, 14.769723952000106 ], [ 121.141620186000068, 14.76966234300005 ], [ 121.141713740000114, 14.769665784999972 ], [ 121.141712182000219, 14.769729569000106 ], [ 121.141584906000162, 14.769803488000093 ], [ 121.141590198000017, 14.769873902000086 ], [ 121.141694327000209, 14.77005686900003 ], [ 121.141792109000107, 14.77015875100011 ], [ 121.14189080600022, 14.770199989000162 ], [ 121.142093137000188, 14.770220695999967 ], [ 121.142141759000083, 14.770220695999967 ], [ 121.142188579000049, 14.770197285999984 ], [ 121.142255208000165, 14.77016667200013 ], [ 121.142273216000035, 14.770150465000143 ], [ 121.142392068000163, 14.77010004300007 ], [ 121.142447491000212, 14.770071306999967 ], [ 121.142529328000137, 14.770057839000117 ], [ 121.142597755000224, 14.770045623000158 ], [ 121.142700812000271, 14.77008548900011 ], [ 121.142755306000026, 14.770154952000041 ], [ 121.142755700000066, 14.770276425000077 ], [ 121.142681631000187, 14.770409901000107 ], [ 121.142509610000047, 14.770578815000022 ], [ 121.142401566000217, 14.770715755000026 ], [ 121.142307431000177, 14.770823958000165 ], [ 121.142273216000035, 14.770915798000146 ], [ 121.142237200000068, 14.770980627000085 ], [ 121.142197583000097, 14.771058059999973 ], [ 121.142159766000077, 14.771110283000155 ], [ 121.142145360000313, 14.771171510000158 ], [ 121.142125552000152, 14.771279557000128 ], [ 121.142118348000054, 14.771367795000117 ], [ 121.142132755000034, 14.771403811000084 ], [ 121.142177774000174, 14.771400209000149 ], [ 121.142262411000161, 14.771394807000036 ], [ 121.142305630000124, 14.771394807000036 ], [ 121.142347048000147, 14.771380401000101 ], [ 121.142395669000166, 14.771380401000101 ], [ 121.142415883000012, 14.771447502000058 ], [ 121.142492510000125, 14.771543182000187 ], [ 121.142547533000084, 14.771601906000058 ], [ 121.142636882000147, 14.771735314000068 ], [ 121.142701108000097, 14.771854246000146 ], [ 121.142803248000064, 14.771923142000162 ], [ 121.142898088000038, 14.7720124760001 ], [ 121.142966518000094, 14.772106117000135 ], [ 121.143000732000019, 14.772212363000051 ], [ 121.143024143000162, 14.772378035000031 ], [ 121.143033147000324, 14.772460870999964 ], [ 121.143049354000027, 14.772583324000095 ], [ 121.143049354000027, 14.772682367000186 ], [ 121.143074565, 14.772783210999989 ], [ 121.143074565, 14.772889457000076 ], [ 121.143033147000324, 14.772990301000107 ], [ 121.142953912000053, 14.77305152800011 ], [ 121.142854869000189, 14.773116356000116 ], [ 121.143796199, 14.775568499000087 ], [ 121.144904579000126, 14.778451414000131 ], [ 121.145037685000261, 14.7784835920001 ], [ 121.145148728000095, 14.778599469000028 ], [ 121.145174737000048, 14.778703209000071 ], [ 121.145148114000108, 14.778771008000092 ], [ 121.145089615000302, 14.778800780999973 ], [ 121.144998368000302, 14.778830198000037 ], [ 121.145046384000011, 14.77902719400015 ], [ 121.14509793000002, 14.779067277000024 ], [ 121.145196936000048, 14.779084738000108 ], [ 121.145361721000086, 14.7791833120001 ], [ 121.145426353000062, 14.779272372000037 ], [ 121.145454614000073, 14.779399407000142 ], [ 121.14544816800003, 14.77962414000018 ], [ 121.145398428000021, 14.779754144000094 ], [ 121.145272986000123, 14.779945671000064 ], [ 121.145270587000027, 14.780053640000176 ], [ 121.145331130000159, 14.780100279000067 ], [ 121.145452049000141, 14.780088091000096 ], [ 121.145579604000091, 14.78007360600003 ], [ 121.145741795000049, 14.780098270000167 ], [ 121.145941863000076, 14.780070083000055 ], [ 121.146098531000121, 14.780079087000047 ], [ 121.14624799600017, 14.780107899000143 ], [ 121.146320027000115, 14.780145716000163 ], [ 121.146370449000074, 14.780214146000162 ], [ 121.146390258000224, 14.780286177000164 ], [ 121.146384855000179, 14.78039242300008 ], [ 121.146302019000245, 14.780441044000099 ], [ 121.146222785000077, 14.780455451000137 ], [ 121.146123742000327, 14.780471658000124 ], [ 121.145977878000167, 14.780516677000037 ], [ 121.145963472000062, 14.78055629500011 ], [ 121.145986882000216, 14.780612119000125 ], [ 121.146035503, 14.78064813400016 ], [ 121.14610213200001, 14.780696756000111 ], [ 121.146170562000293, 14.78072556799998 ], [ 121.14630562100001, 14.780736373000082 ], [ 121.146469492000165, 14.780700357000114 ], [ 121.146532520000051, 14.780669744000022 ], [ 121.146618957000214, 14.780626525000059 ], [ 121.146698192000258, 14.780608517000189 ], [ 121.146782829000244, 14.780635529000108 ], [ 121.146890876000043, 14.780669744000022 ], [ 121.147009727000182, 14.780711162000046 ], [ 121.147119575000033, 14.780718365000041 ], [ 121.147146587000179, 14.780745976999981 ], [ 121.147154991000093, 14.780785594000179 ], [ 121.147165795000092, 14.780820409000114 ], [ 121.147193407000145, 14.780875634000154 ], [ 121.147218618000011, 14.780960871 ], [ 121.147247431000096, 14.781041306000191 ], [ 121.147291850000215, 14.781107334000126 ], [ 121.14730505600005, 14.781258600000058 ], [ 121.147331467000186, 14.781395460000169 ], [ 121.147384290000218, 14.781510710000134 ], [ 121.147416705000069, 14.781568335000031 ], [ 121.147471929000062, 14.781633163000038 ], [ 121.147518749000028, 14.781687187000045 ], [ 121.147543960000121, 14.781759218000104 ], [ 121.147543960000121, 14.781833651000113 ], [ 121.147513947000334, 14.781899679000048 ], [ 121.1474803320001, 14.781933294000112 ], [ 121.147422707000032, 14.781990919000179 ], [ 121.147353077000048, 14.78202693500009 ], [ 121.147222426000098, 14.782058383000049 ], [ 121.147154442000215, 14.782119343000147 ], [ 121.147116585000163, 14.782196235000072 ], [ 121.147126914000069, 14.78225591100005 ], [ 121.147155161000114, 14.782302451000191 ], [ 121.147205768000163, 14.78232868300006 ], [ 121.147263529000043, 14.782356410000091 ], [ 121.147322371000087, 14.782348144000139 ], [ 121.147384381000279, 14.782367758000134 ], [ 121.147435026000153, 14.782326773000079 ], [ 121.147515548000229, 14.78224164400001 ], [ 121.147562407000123, 14.782204139000044 ], [ 121.147621285000014, 14.782260226000119 ], [ 121.147686568000154, 14.782344950000038 ], [ 121.147795768000151, 14.782505863000154 ], [ 121.147929421000072, 14.782582043000048 ], [ 121.147936531000141, 14.782704029000172 ], [ 121.147862900000177, 14.782911299000091 ], [ 121.147777375000146, 14.783077183000159 ], [ 121.147828294000192, 14.783225736000077 ], [ 121.147876120000205, 14.783337567000046 ], [ 121.147924198000055, 14.783365002999972 ], [ 121.147972853000169, 14.783336768000026 ], [ 121.148024771000109, 14.783335452000131 ], [ 121.148076992000142, 14.783346309000024 ], [ 121.148120211000105, 14.783359515000086 ], [ 121.148189841000089, 14.783402733000059 ], [ 121.148208055000055, 14.783449632000156 ], [ 121.14821511200023, 14.783534176000046 ], [ 121.148131018000186, 14.783622793000177 ], [ 121.148088107000035, 14.783736292000071 ], [ 121.148116919000131, 14.783964603000015 ], [ 121.148165638000023, 14.784117071000026 ], [ 121.148278281000216, 14.78422010700001 ], [ 121.148511581000093, 14.784498811 ], [ 121.148563209000145, 14.784598323000068 ], [ 121.148553506000098, 14.784677454000132 ], [ 121.148418545000027, 14.784924447000037 ], [ 121.148372820000077, 14.784997210000142 ], [ 121.148280276000037, 14.784951616000058 ], [ 121.14823303300011, 14.784976057000051 ], [ 121.148216253000214, 14.78504985 ], [ 121.14823303300011, 14.785133901000165 ], [ 121.148265474000254, 14.78521312100014 ], [ 121.148371318000159, 14.785246255 ], [ 121.148448266000287, 14.785311949000118 ], [ 121.148556495000093, 14.785345309000036 ], [ 121.148693460000118, 14.785439020000069 ], [ 121.148708863000138, 14.785511051000071 ], [ 121.148653061000118, 14.785783365000043 ], [ 121.148671228000126, 14.786009669000123 ], [ 121.148724087000119, 14.786184275000039 ], [ 121.14882698100007, 14.786257109000189 ], [ 121.148932764000051, 14.786252174000026 ], [ 121.148986112000216, 14.786239994000084 ], [ 121.149037060000182, 14.786238107000031 ], [ 121.149091781000152, 14.786232445999985 ], [ 121.149159711000266, 14.786230559000103 ], [ 121.149252172000047, 14.786268298000152 ], [ 121.149286137000104, 14.786294715999986 ], [ 121.149352180000164, 14.786360759000047 ], [ 121.14937293700018, 14.786438124000142 ], [ 121.14937293700018, 14.786477750000074 ], [ 121.149352180000164, 14.786538132000089 ], [ 121.149305007000066, 14.786611723000021 ], [ 121.149316328000168, 14.786647575000131 ], [ 121.149378598000339, 14.786666444000048 ], [ 121.149446528000112, 14.786668331000101 ], [ 121.149469171000078, 14.786747583000079 ], [ 121.149482380000222, 14.786828722000109 ], [ 121.149482380000222, 14.786896652000053 ], [ 121.149467284000025, 14.786981565000076 ], [ 121.149393693000093, 14.787075912000148 ], [ 121.149320102000161, 14.787119312000186 ], [ 121.149284250000051, 14.787160825000171 ], [ 121.149305007000066, 14.787202338000156 ], [ 121.149408789000063, 14.787221208000119 ], [ 121.149438980000014, 14.787260833000119 ], [ 121.149401241000191, 14.787326877000055 ], [ 121.149371050000127, 14.78738725900007 ], [ 121.149361615000089, 14.787445754000032 ], [ 121.149371050000127, 14.787540102000037 ], [ 121.149442754, 14.787649545000079 ], [ 121.1494578490001, 14.787700493000045 ], [ 121.14947483200001, 14.78774389199998 ], [ 121.149491814000157, 14.787809936000144 ], [ 121.149522006000097, 14.787864657000114 ], [ 121.149642770000014, 14.787925040000061 ], [ 121.149695605000034, 14.787942022000038 ], [ 121.149803161000023, 14.787904283000046 ], [ 121.149844674000178, 14.787853335000079 ], [ 121.149895622000145, 14.787826918000121 ], [ 121.15000317800002, 14.787789179000129 ], [ 121.15005601200005, 14.787758988000178 ], [ 121.150154134000218, 14.787723136000068 ], [ 121.150239046000138, 14.78771558800014 ], [ 121.150359811000044, 14.787691058000064 ], [ 121.150482463000117, 14.787728797000113 ], [ 121.150554167000223, 14.787775971000087 ], [ 121.15062209700011, 14.787802388000046 ], [ 121.150703236000027, 14.787853335000079 ], [ 121.150773053000194, 14.787938248000103 ], [ 121.150816453000061, 14.787992970000175 ], [ 121.150856079000164, 14.788047691000031 ], [ 121.150916461000179, 14.7880703350001 ], [ 121.151001374000316, 14.788138265000043 ], [ 121.151042887000131, 14.788166569000055 ], [ 121.151093834000335, 14.788183552000135 ], [ 121.151148556000066, 14.788215630000138 ], [ 121.151182049000113, 14.788270115000103 ], [ 121.151232997000079, 14.788343706000092 ], [ 121.151323570000159, 14.788468245000161 ], [ 121.15136885700008, 14.788553158000184 ], [ 121.151456600000188, 14.788615427000082 ], [ 121.151550004000114, 14.788714492 ], [ 121.151632087000053, 14.788836200000162 ], [ 121.151702847000024, 14.788875826000037 ], [ 121.151779269000144, 14.788906961000066 ], [ 121.151850029000116, 14.788929604000032 ], [ 121.151889655000218, 14.789000365000163 ], [ 121.151932111000178, 14.78907678600018 ], [ 121.151960416000065, 14.789167360000022 ], [ 121.152008533000071, 14.789269255000022 ], [ 121.152048159000174, 14.789373981000153 ], [ 121.152113259000089, 14.789478706000182 ], [ 121.152192510000077, 14.789572110000108 ], [ 121.15226044100018, 14.789611735999983 ], [ 121.152387810000278, 14.789679666000097 ], [ 121.152427436000039, 14.789764579000121 ], [ 121.152441588000102, 14.789832509000064 ], [ 121.152441588000102, 14.789914592 ], [ 121.152472722000198, 14.789982522000116 ], [ 121.15252933100021, 14.790039130000025 ], [ 121.152617074000091, 14.790078756000128 ], [ 121.152693495000108, 14.790121212000088 ], [ 121.152758595000137, 14.790149517000032 ], [ 121.152798221000012, 14.790183482000089 ], [ 121.152818034, 14.790288207000117 ], [ 121.152823695000052, 14.790370290000055 ], [ 121.152820864000091, 14.790441050000084 ], [ 121.152801051000097, 14.790537285000141 ], [ 121.152775578000046, 14.790610876000073 ], [ 121.152738782000029, 14.790721262000147 ], [ 121.152701987000114, 14.790837309999972 ], [ 121.15263122600004, 14.790953357000092 ], [ 121.152600091000181, 14.791038270000115 ], [ 121.152608583000188, 14.791131673999985 ], [ 121.152685004000205, 14.791202434000184 ], [ 121.152775578000046, 14.791278856000076 ], [ 121.152820864000091, 14.791332634000128 ], [ 121.152968046000183, 14.791482646000077 ], [ 121.153061450000109, 14.791533594000043 ], [ 121.15310673700003, 14.791655302000152 ], [ 121.153112398000189, 14.791751536000106 ], [ 121.153092585000081, 14.791825128000028 ], [ 121.153414521000059, 14.791827743000113 ], [ 121.153691375000221, 14.791853236 ], [ 121.153902312000014, 14.792095422000159 ], [ 121.154113249000147, 14.792503314000157 ], [ 121.154284635000067, 14.793395574000101 ], [ 121.15415279900003, 14.793599519000168 ], [ 121.153955046000078, 14.79385444900015 ], [ 121.154020964000097, 14.793981915000188 ], [ 121.154258268000149, 14.794032901000151 ], [ 121.154337369000018, 14.794262338000067 ], [ 121.154324185000178, 14.794708465000099 ], [ 121.15440328700015, 14.794912408000187 ], [ 121.154416470000115, 14.795167337000066 ], [ 121.154469204000065, 14.795613462000119 ], [ 121.154350552000324, 14.795881137000151 ], [ 121.154271451000113, 14.796314514000187 ], [ 121.156618122000054, 14.796212543000024 ], [ 121.157092730000045, 14.799424608000152 ], [ 121.158727490000274, 14.802585642 ], [ 121.159571237000023, 14.805797612000049 ], [ 121.159782174000156, 14.807633002000046 ], [ 121.160573186000079, 14.809570342000086 ], [ 121.160995060000118, 14.811201772000061 ], [ 121.162501280000015, 14.811941010000112 ], [ 121.162494688000038, 14.81199199200006 ], [ 121.162580381000112, 14.812065279000024 ], [ 121.162649595000175, 14.812138565000055 ], [ 121.162708921000103, 14.812160869000138 ], [ 121.162804502000085, 14.81221503800009 ], [ 121.162883603000182, 14.812275578000083 ], [ 121.162919858, 14.812339306000069 ], [ 121.162913266000032, 14.812438083000131 ], [ 121.162969296000028, 14.812565537000012 ], [ 121.163109888, 14.81272476200013 ], [ 121.163218928000106, 14.812874406999981 ], [ 121.163206100000139, 14.812962225000149 ], [ 121.163248433000149, 14.813052743000185 ], [ 121.163348323000037, 14.813107217000095 ], [ 121.163450564000073, 14.813187220000032 ], [ 121.163382546000321, 14.813281923000147 ], [ 121.16339748900009, 14.813410344000033 ], [ 121.163438081000209, 14.813637815000106 ], [ 121.163441485000135, 14.813750931000072 ], [ 121.163444613000024, 14.813854905000142 ], [ 121.163488933000167, 14.814138769000181 ], [ 121.16353113900027, 14.814549316000125 ], [ 121.163515792000112, 14.815117176 ], [ 121.163498286000163, 14.815213381999968 ], [ 121.163423706000344, 14.815239957000131 ], [ 121.163466975000119, 14.816153344000156 ], [ 121.163506526000106, 14.816210696999974 ], [ 121.163605402000144, 14.816459229000145 ], [ 121.163618586000098, 14.816618543000175 ], [ 121.16351970900007, 14.816898937000076 ], [ 121.163493342000038, 14.817179331000034 ], [ 121.163592219000179, 14.817408742999987 ], [ 121.163658136000208, 14.817619038000089 ], [ 121.163625178000188, 14.817778352000119 ], [ 121.163513117000207, 14.817963156000133 ], [ 121.163526301000047, 14.818058744000041 ], [ 121.163618586000098, 14.818173450000131 ], [ 121.163598810000053, 14.818281783000145 ], [ 121.163546076000216, 14.81846021500013 ], [ 121.163499934000129, 14.818766096000161 ], [ 121.16351970900007, 14.818938153999966 ], [ 121.163598810000053, 14.81916119300007 ], [ 121.163895440000147, 14.819282270000031 ], [ 121.164066826000067, 14.819486191000124 ], [ 121.164251396000054, 14.819664621000129 ], [ 121.164330497000151, 14.819785698000146 ], [ 121.16436345600016, 14.819970501000057 ], [ 121.16436345600016, 14.820199910000099 ], [ 121.165284636000138, 14.823417534000043 ], [ 121.175298883000096, 14.823949699000138 ], [ 121.177397662000203, 14.823596705000057 ] ] ] } },
{ "type": "Feature", "properties": { "adm4_name": "San Jose", "adm4_name1": null, "adm4_name2": null, "adm4_name3": null, "adm4_pcode": "PH0405808010", "adm3_name": "Rodriguez (Montalban)", "adm3_name1": null, "adm3_name2": null, "adm3_name3": null, "adm3_pcode": "PH0405808", "adm2_name": "Rizal", "adm2_name1": null, "adm2_name2": null, "adm2_name3": null, "adm2_pcode": "PH04058", "adm1_name": "Region IV-A (Calabarzon)", "adm1_name1": null, "adm1_name2": null, "adm1_name3": null, "adm1_pcode": "PH04", "adm0_name": "Philippines", "adm0_name1": null, "adm0_name2": null, "adm0_name3": null, "adm0_pcode": "PH", "valid_on": "2025-02-13", "valid_to": null, "area_sqkm": 9.09694944, "version": "v03", "lang": "en", "lang1": null, "lang2": null, "lang3": null, "adm4_ref_n": "San Jose", "center_lat": 14.74162137, "center_lon": 121.13214513 }, "geometry": { "type": "Polygon", "coordinates": [ [ [ 121.129455617000076, 14.760441312000125 ], [ 121.13222527500011, 14.760552827000026 ], [ 121.134850126000174, 14.760658511000088 ], [ 121.134821547000342, 14.760234358000105 ], [ 121.134844225000052, 14.760028554000087 ], [ 121.134932783000181, 14.759948704000067 ], [ 121.135039130000109, 14.759945335000054 ], [ 121.135265600000025, 14.759931448000088 ], [ 121.135586271000079, 14.759825776000014 ], [ 121.135786102000111, 14.76022347900016 ], [ 121.135923300000286, 14.760292500000105 ], [ 121.136014187000114, 14.760288377 ], [ 121.136093253000013, 14.760284791000061 ], [ 121.136168000000112, 14.760281400000054 ], [ 121.136271800000031, 14.760229500000037 ], [ 121.136357370000155, 14.760135580000053 ], [ 121.13646140000003, 14.760021400000028 ], [ 121.136538700000074, 14.759936600000117 ], [ 121.13658247800015, 14.759803628000157 ], [ 121.136719092000021, 14.759665220000045 ], [ 121.136829571000021, 14.759556425000028 ], [ 121.136884972000075, 14.759514510000031 ], [ 121.137514624000119, 14.759145511000156 ], [ 121.137533611000208, 14.759046019000095 ], [ 121.137640905000012, 14.758585069000105 ], [ 121.137586981000027, 14.758518671000161 ], [ 121.137505551000231, 14.758417039000108 ], [ 121.137471437000045, 14.758315957999969 ], [ 121.137408312000048, 14.758172746000014 ], [ 121.137356587000113, 14.758020698000053 ], [ 121.137339779000172, 14.757899414000178 ], [ 121.137366190000307, 14.757719255000097 ], [ 121.137470328000063, 14.757623969000178 ], [ 121.137753248000195, 14.757523369000012 ], [ 121.138064280000208, 14.75740530500002 ], [ 121.138317185, 14.757323020000058 ], [ 121.138494166000214, 14.757218493000039 ], [ 121.138620778000018, 14.75707039800011 ], [ 121.138615453000057, 14.75699021700018 ], [ 121.138623955000185, 14.756899771000121 ], [ 121.138601848, 14.756735323000044 ], [ 121.1385066160002, 14.75655772000016 ], [ 121.138358667000261, 14.756250203000036 ], [ 121.138059368000086, 14.755352316000085 ], [ 121.138093379000338, 14.755250358000183 ], [ 121.138192012000104, 14.755145111000104 ], [ 121.138304249000043, 14.75506946500002 ], [ 121.13844029400002, 14.755043152999974 ], [ 121.138552532000062, 14.755062887 ], [ 121.138712385000076, 14.755122088000064 ], [ 121.138851898000098, 14.755226762000177 ], [ 121.138909650000073, 14.755270092000046 ], [ 121.139096713000072, 14.755342449000068 ], [ 121.139259967000044, 14.755332583000154 ], [ 121.139351798000121, 14.755217469 ], [ 121.139443628000095, 14.755033286000128 ], [ 121.139494645000127, 14.754760301000033 ], [ 121.139549063000345, 14.754609008000045 ], [ 121.139668103000076, 14.754602430000034 ], [ 121.139756532000206, 14.754635320000091 ], [ 121.139848363000056, 14.754766879000044 ], [ 121.140052431000072, 14.754987240000048 ], [ 121.140157866000209, 14.755099066000071 ], [ 121.140229289000104, 14.755102355000076 ], [ 121.140334724000127, 14.75506946500002 ], [ 121.140416352000102, 14.754967507000117 ], [ 121.140487775000224, 14.754888570999981 ], [ 121.140504781000232, 14.75477016800005 ], [ 121.140463967000073, 14.754533362000188 ], [ 121.140463967000073, 14.75427682100019 ], [ 121.140480973000194, 14.754076193000117 ], [ 121.140443561000097, 14.753928188000032 ], [ 121.140416352000102, 14.753865697000094 ], [ 121.14030411400006, 14.753776894000111 ], [ 121.140134058000172, 14.753619023000113 ], [ 121.140011617000255, 14.753494041000067 ], [ 121.139943594000215, 14.753323013000113 ], [ 121.139950397, 14.753214476000096 ], [ 121.140263301000118, 14.753122384000164 ], [ 121.140596611000205, 14.752938200000187 ], [ 121.140671436000048, 14.752878998000085 ], [ 121.140683447000242, 14.752873550000174 ], [ 121.140753064000023, 14.752832951000073 ], [ 121.141008148000196, 14.75264547800009 ], [ 121.141446894000069, 14.752313288000153 ], [ 121.14161014900003, 14.752175149000038 ], [ 121.141722386000311, 14.75205016600006 ], [ 121.141899245000104, 14.751895582000088 ], [ 121.142021685000145, 14.751846247000174 ], [ 121.14211691700018, 14.751842958000168 ], [ 121.142460431000018, 14.752010698000163 ], [ 121.142606680000085, 14.752060033000078 ], [ 121.142650895000315, 14.752040299000043 ], [ 121.142725720000044, 14.752017276000174 ], [ 121.142807347000144, 14.751944918000049 ], [ 121.142919584000083, 14.751770600000043 ], [ 121.143079437000097, 14.751596281000104 ], [ 121.143280104000041, 14.751606148000121 ], [ 121.143497776000117, 14.751556813000036 ], [ 121.143586206, 14.751514056000133 ], [ 121.143674635000139, 14.751461431000109 ], [ 121.143817483000021, 14.751336448000188 ], [ 121.14391271400018, 14.751290402000109 ], [ 121.143987539000022, 14.751287113000103 ], [ 121.144222217000106, 14.751402229000178 ], [ 121.144266432000109, 14.751412096000024 ], [ 121.144327652000015, 14.751402229000178 ], [ 121.144358262000083, 14.751352892999989 ], [ 121.144402477000085, 14.751204887000029 ], [ 121.144395675000055, 14.751047013000118 ], [ 121.14433785600022, 14.750846382000134 ], [ 121.144320850000213, 14.750783890000093 ], [ 121.144334455000035, 14.750695086 ], [ 121.144331053000087, 14.750497744000029 ], [ 121.144320850000213, 14.75032342500009 ], [ 121.14426983300018, 14.750076746000047 ], [ 121.144229019000022, 14.749830067000119 ], [ 121.144252827000173, 14.749770864000141 ], [ 121.14430044300002, 14.749642591000054 ], [ 121.144358262000083, 14.749547208000081 ], [ 121.144429686000194, 14.749504451 ], [ 121.144470500000011, 14.749530763000053 ], [ 121.144535121000104, 14.749589966000087 ], [ 121.144633754000324, 14.749695216000077 ], [ 121.144688172000087, 14.749760997000124 ], [ 121.144831020000311, 14.749879403000136 ], [ 121.144912647000069, 14.749892559000159 ], [ 121.145028285000194, 14.749882692000142 ], [ 121.145143924000081, 14.749862958000108 ], [ 121.14525616100002, 14.749757708000118 ], [ 121.145269766000069, 14.749711661000106 ], [ 121.14523915500024, 14.749642591000054 ], [ 121.145194941000113, 14.74955049800019 ], [ 121.145123517000115, 14.749320263000072 ], [ 121.145055494000076, 14.749014381000165 ], [ 121.145004477000043, 14.748823615000163 ], [ 121.145048692000046, 14.74876770100019 ], [ 121.145092907000048, 14.748665739000103 ], [ 121.145157528000141, 14.748524309000118 ], [ 121.14523915500024, 14.748448661000054 ], [ 121.145327585000132, 14.74845195000006 ], [ 121.145419415000106, 14.748468395000089 ], [ 121.145501042000319, 14.748468395000089 ], [ 121.145562263000329, 14.748435504000099 ], [ 121.145599675000085, 14.748399325000037 ], [ 121.145677901000113, 14.74836972300011 ], [ 121.145722116000115, 14.748340121000126 ], [ 121.145725517000187, 14.748297363000177 ], [ 121.14644363900004, 14.748383208000064 ], [ 121.146498645000179, 14.748207260000072 ], [ 121.146545188000232, 14.748117240000056 ], [ 121.146532494000098, 14.747953568000014 ], [ 121.146490182000093, 14.747867640000038 ], [ 121.14635901500003, 14.747736702000054 ], [ 121.146265928000048, 14.747609856 ], [ 121.146177073000217, 14.747446183000079 ], [ 121.146143224000184, 14.747278419000054 ], [ 121.146100911000303, 14.747098379000079 ], [ 121.146062831000222, 14.746807859 ], [ 121.146071293000205, 14.746631910000133 ], [ 121.14611783600003, 14.746566441000084 ], [ 121.146147455000118, 14.746394584000029 ], [ 121.146151686000167, 14.746185900000171 ], [ 121.146193998000285, 14.745985400000109 ], [ 121.14629554700025, 14.745825818000014 ], [ 121.146368561000031, 14.745688281000128 ], [ 121.146462862000021, 14.745520515000067 ], [ 121.146337539000342, 14.74465606300015 ], [ 121.146279310000068, 14.744254415000114 ], [ 121.146350553000048, 14.744144062000146 ], [ 121.14645633300006, 14.744004937999989 ], [ 121.146490182000093, 14.743927192000115 ], [ 121.146518200000287, 14.743832 ], [ 121.145960300000183, 14.743500000000154 ], [ 121.145848700000101, 14.743168 ], [ 121.145773500000132, 14.742804200000137 ], [ 121.145762900000136, 14.742753000000164 ], [ 121.146136, 14.741778000000124 ], [ 121.146720408000192, 14.741464742000119 ], [ 121.146732800000109, 14.741458100000102 ], [ 121.146826538000028, 14.741277272000104 ], [ 121.146832609000057, 14.74126556300007 ], [ 121.146935800000051, 14.741066500000045 ], [ 121.147086500000228, 14.740504900000133 ], [ 121.147135733000141, 14.74032991200005 ], [ 121.147400600000083, 14.739388500000132 ], [ 121.147734, 14.738654200000099 ], [ 121.147788500000047, 14.7381378 ], [ 121.147728900000061, 14.737407200000177 ], [ 121.14755080000009, 14.73701090000003 ], [ 121.147447600000078, 14.736957100000041 ], [ 121.147292296000046, 14.736714903000177 ], [ 121.146753806000106, 14.736885904000189 ], [ 121.146563870000023, 14.736946221000096 ], [ 121.145744150000041, 14.73720653099997 ], [ 121.144733100000053, 14.737527599999964 ], [ 121.144343770000319, 14.737509528000089 ], [ 121.143923100000166, 14.73749 ], [ 121.142985300000191, 14.737171900000021 ], [ 121.142084400000044, 14.7364867 ], [ 121.141293500000188, 14.736222100000134 ], [ 121.140569400000118, 14.736111600000072 ], [ 121.140203353000175, 14.736135218000072 ], [ 121.140199421000034, 14.73580167800003 ], [ 121.140202157000203, 14.735720545000106 ], [ 121.140206958000022, 14.735680966000132 ], [ 121.140212811000197, 14.735617317000106 ], [ 121.140216888000054, 14.735562537000021 ], [ 121.140256064000141, 14.73550855100018 ], [ 121.140276818000075, 14.735401071000183 ], [ 121.140431745000228, 14.735204768000187 ], [ 121.140566868000064, 14.735033558000055 ], [ 121.140732046000267, 14.734825893 ], [ 121.140743031000056, 14.734673157000145 ], [ 121.140754627000092, 14.734497803000011 ], [ 121.140544527000088, 14.734478638000155 ], [ 121.140366843000152, 14.734490364000067 ], [ 121.140233797000178, 14.734495735000053 ], [ 121.140137150000101, 14.73451095300004 ], [ 121.140056584000149, 14.734520620000069 ], [ 121.139943092000181, 14.734522030000164 ], [ 121.139833798000041, 14.734549139000023 ], [ 121.13973783900019, 14.734569221000072 ], [ 121.139655812000228, 14.734567092000191 ], [ 121.139593547000118, 14.73455712700013 ], [ 121.139478170000075, 14.734586369000056 ], [ 121.139356594000105, 14.734601543999986 ], [ 121.139166440000054, 14.734624748000158 ], [ 121.138985020000177, 14.734660234000046 ], [ 121.138789547000215, 14.734693549000042 ], [ 121.138643972000182, 14.734705626999983 ], [ 121.138478188000136, 14.734688582000103 ], [ 121.138253500000019, 14.734100100000092 ], [ 121.138192762000131, 14.733715852000103 ], [ 121.138163400000053, 14.733530100000166 ], [ 121.138565100000051, 14.733435600000178 ], [ 121.139484200000084, 14.733253000000161 ], [ 121.139984067000114, 14.73314466000005 ], [ 121.139912238000079, 14.732914156 ], [ 121.139875618000133, 14.732780666000167 ], [ 121.139833365000072, 14.732410163000168 ], [ 121.13969815400003, 14.731631016000051 ], [ 121.139585478000072, 14.730721099 ], [ 121.139748858000075, 14.730661164000139 ], [ 121.139748858000075, 14.730535846000066 ], [ 121.139719145000072, 14.729818373000114 ], [ 121.139731900000129, 14.729331700000046 ], [ 121.139690100000053, 14.729032100000154 ], [ 121.139655200000334, 14.728913600000112 ], [ 121.139599200000021, 14.728662200000088 ], [ 121.1394692, 14.72796180000006 ], [ 121.139407900000151, 14.727631500000086 ], [ 121.139320029000032, 14.727551860000062 ], [ 121.139132513000163, 14.727465314000028 ], [ 121.138858132000109, 14.727357706000191 ], [ 121.138810151000143, 14.727365329000179 ], [ 121.138766155000098, 14.72735781199998 ], [ 121.138710982000021, 14.727337807000026 ], [ 121.138656008000112, 14.727314929999977 ], [ 121.138585489000207, 14.727262537 ], [ 121.13844958500033, 14.727153326000121 ], [ 121.138231305000204, 14.727161176999971 ], [ 121.138166248000061, 14.727231150000023 ], [ 121.138033863000032, 14.727349749000155 ], [ 121.137924879000252, 14.727423913000052 ], [ 121.137838135000038, 14.72744391100008 ], [ 121.137742171000241, 14.727482603000112 ], [ 121.13762357200028, 14.727526046000037 ], [ 121.137517396000021, 14.727568823000126 ], [ 121.137409774000048, 14.72757346100019 ], [ 121.137324192000051, 14.727585729000111 ], [ 121.137227464000034, 14.727649284000108 ], [ 121.137150818000123, 14.727667524000026 ], [ 121.13704728100015, 14.727669069000058 ], [ 121.136960934000172, 14.72765823400016 ], [ 121.136883323000234, 14.727639441000122 ], [ 121.136813684000117, 14.727563504000159 ], [ 121.136756866000155, 14.727498843000035 ], [ 121.136719083000116, 14.727392951000127 ], [ 121.136696446000315, 14.727331949000074 ], [ 121.136746212000162, 14.727213735000078 ], [ 121.13688757500006, 14.727066540000067 ], [ 121.136862108000173, 14.726954775000138 ], [ 121.136761861000309, 14.72690825400008 ], [ 121.136641785000165, 14.726892909000185 ], [ 121.136562813000182, 14.726897220000069 ], [ 121.136503073000085, 14.726849806000075 ], [ 121.136468693000211, 14.726752765000128 ], [ 121.136443816000224, 14.726475866000044 ], [ 121.136459559000173, 14.726300660000106 ], [ 121.136414003000141, 14.726212129000146 ], [ 121.136312479000253, 14.726212144000044 ], [ 121.136205140000015, 14.726242114000058 ], [ 121.13609800100005, 14.726250737000157 ], [ 121.136001357000055, 14.726215477999972 ], [ 121.135900429000117, 14.726188289000106 ], [ 121.135777829000062, 14.726150491 ], [ 121.13561151600004, 14.726145966999979 ], [ 121.135345607000204, 14.726187765000077 ], [ 121.13513189400021, 14.726194972000087 ], [ 121.13482289600006, 14.72610003 ], [ 121.134802837000052, 14.726045423000016 ], [ 121.134651968000071, 14.725651838999966 ], [ 121.134610338000016, 14.725369694000165 ], [ 121.134843690000139, 14.725104538000096 ], [ 121.134891771000298, 14.725003568000091 ], [ 121.134858114000053, 14.724917022 ], [ 121.134790801000122, 14.724691041000085 ], [ 121.134742720000304, 14.724469869000075 ], [ 121.134728295000059, 14.72429677700012 ], [ 121.13462732500011, 14.724215040000047 ], [ 121.134641750000128, 14.723979443000133 ], [ 121.134694639000145, 14.723695765000116 ], [ 121.13483407300032, 14.723508249000076 ], [ 121.134509399000081, 14.723445653000056 ], [ 121.133545900000058, 14.723280900000191 ], [ 121.133539300000052, 14.723116400000094 ], [ 121.133516573000065, 14.722914445000129 ], [ 121.133324981000328, 14.722814944000163 ], [ 121.133162852000169, 14.72235630300014 ], [ 121.132448852000039, 14.722644765000041 ], [ 121.131184431000179, 14.723201714000027 ], [ 121.131469000000152, 14.723613300000125 ], [ 121.131532800000286, 14.724144300000034 ], [ 121.131502818000286, 14.724533383000164 ], [ 121.131459546000087, 14.724684837999973 ], [ 121.131380212000067, 14.724987749000093 ], [ 121.131243181000059, 14.725514235000162 ], [ 121.131048453000062, 14.725990237000076 ], [ 121.130853725000179, 14.726473451000118 ], [ 121.130543603000092, 14.726906180000128 ], [ 121.130305602000021, 14.72704321000009 ], [ 121.130038753, 14.72746872700003 ], [ 121.129858449000039, 14.727829334000091 ], [ 121.129872873000181, 14.728045699000177 ], [ 121.129901722000113, 14.728391882000096 ], [ 121.129771903, 14.728673156000127 ], [ 121.12966372100027, 14.728853459000049 ], [ 121.129584387000136, 14.729026551000118 ], [ 121.129493866000189, 14.729312865 ], [ 121.129454569000018, 14.729120309000052 ], [ 121.129461781000259, 14.728882308000038 ], [ 121.129483417000074, 14.728557761000047 ], [ 121.129425720000199, 14.728334185000051 ], [ 121.129267053000149, 14.728125032000037 ], [ 121.128992991000018, 14.727908668000111 ], [ 121.128516990000207, 14.727641819000155 ], [ 121.128163594000057, 14.727374969000095 ], [ 121.127932806000103, 14.727252363000048 ], [ 121.127766926000049, 14.727108120000139 ], [ 121.127485653, 14.726978301000145 ], [ 121.127276500000221, 14.726898968000057 ], [ 121.127031287000023, 14.726819634000037 ], [ 121.126800499000183, 14.726740300000074 ], [ 121.126666452000336, 14.726618124000083 ], [ 121.126140726000017, 14.726651681000078 ], [ 121.125760412000204, 14.726763538000057 ], [ 121.125480770000081, 14.726785909 ], [ 121.125156386000072, 14.72689776600015 ], [ 121.124854372000186, 14.727099109000164 ], [ 121.124608287000115, 14.727244522000035 ], [ 121.124339831000157, 14.727401122 ], [ 121.124026632000096, 14.727803806000111 ], [ 121.123796695000124, 14.728356507000115 ], [ 121.123595401000216, 14.727814646000127 ], [ 121.123503839000023, 14.727668790000166 ], [ 121.123115700000199, 14.72727489600004 ], [ 121.122761820000051, 14.727030915000057 ], [ 121.122628249000059, 14.726947318000157 ], [ 121.122504339000102, 14.726774597000144 ], [ 121.122350914000322, 14.726410393000037 ], [ 121.121939057000077, 14.725669865000043 ], [ 121.121838874000105, 14.725534979000088 ], [ 121.121698775000141, 14.725227084000096 ], [ 121.121547342000099, 14.725103087000036 ], [ 121.121422743000039, 14.725149640999973 ], [ 121.121064491000197, 14.72565923500008 ], [ 121.121041210000158, 14.725795842000082 ], [ 121.121150575000229, 14.725935354000057 ], [ 121.121349699, 14.726071308000144 ], [ 121.121454855000025, 14.726179922000085 ], [ 121.121499811000149, 14.726338887000168 ], [ 121.12145707600007, 14.726492812 ], [ 121.121372528000052, 14.72659895400011 ], [ 121.12121597300029, 14.726662012000133 ], [ 121.121107203000179, 14.726663020000046 ], [ 121.120917922000103, 14.726641327000152 ], [ 121.12048423400006, 14.726541861000101 ], [ 121.120320095000238, 14.726522029000023 ], [ 121.120189039000024, 14.726706755000066 ], [ 121.120120092000093, 14.726842680000175 ], [ 121.120076753000035, 14.726937236000026 ], [ 121.120031445000336, 14.727027853000152 ], [ 121.119994016000192, 14.727084981000075 ], [ 121.119944768000209, 14.727161808000119 ], [ 121.119885670000144, 14.727256365000017 ], [ 121.119816723000213, 14.72737259000013 ], [ 121.119739896000283, 14.727502606000087 ], [ 121.119682206000107, 14.727630881000096 ], [ 121.119650706000016, 14.727710108 ], [ 121.119605843000159, 14.727827516000161 ], [ 121.11953234300006, 14.728048015000184 ], [ 121.11950848000015, 14.728129151000132 ], [ 121.119490344000042, 14.72819787800006 ], [ 121.119473162000077, 14.728281876999972 ], [ 121.119453117000148, 14.728400240000099 ], [ 121.119431162000183, 14.728520512000102 ], [ 121.119404435000206, 14.728682784 ], [ 121.119388208000146, 14.728752466000117 ], [ 121.119365299000151, 14.728832647000104 ], [ 121.119341435000138, 14.728907101 ], [ 121.119311845000311, 14.728988237000181 ], [ 121.119278436000172, 14.729059827000071 ], [ 121.119240254000033, 14.729137145000038 ], [ 121.119186800000193, 14.729226872000083 ], [ 121.119139073000042, 14.729315644000167 ], [ 121.119082755000022, 14.729408235000108 ], [ 121.119034074000183, 14.729485552000028 ], [ 121.118989210000223, 14.729549507000058 ], [ 121.118953892000263, 14.729592461000038 ], [ 121.118916466000201, 14.729628158000082 ], [ 121.118873127000029, 14.729657707000115 ], [ 121.118829789000074, 14.729683316000035 ], [ 121.118776601000036, 14.729703015000155 ], [ 121.118697804000021, 14.72972271499998 ], [ 121.118613097000093, 14.729730594000046 ], [ 121.118518540000309, 14.729726654000046 ], [ 121.118414134000204, 14.729714835000038 ], [ 121.118347156000027, 14.729703015000155 ], [ 121.118270329000097, 14.729673466000122 ], [ 121.118199412000195, 14.729641948000165 ], [ 121.118128494000189, 14.729604519000191 ], [ 121.118057577000059, 14.729549361000068 ], [ 121.11802297800034, 14.729928850000078 ], [ 121.118368590000159, 14.730737135000084 ], [ 121.118388022000204, 14.731067883000094 ], [ 121.118384135000156, 14.732093947000067 ], [ 121.118422998000028, 14.732289388000027 ], [ 121.118613423000056, 14.732800538000049 ], [ 121.118702806000101, 14.732935843000121 ], [ 121.119204129000082, 14.733277862000079 ], [ 121.11929351300023, 14.733364306000112 ], [ 121.11964715900001, 14.733807803000161 ], [ 121.120412746000056, 14.734352776000037 ], [ 121.120972363000078, 14.734728619000123 ], [ 121.121298806000141, 14.734875197000179 ], [ 121.121427052000058, 14.734875197000179 ], [ 121.121605818000148, 14.734878956000045 ], [ 121.121820391000028, 14.73493861999998 ], [ 121.121892616000082, 14.735080235999988 ], [ 121.121795580000025, 14.735754437000082 ], [ 121.121772403000023, 14.736008689000187 ], [ 121.121760847000132, 14.736131263000175 ], [ 121.121784225000056, 14.736276133000104 ], [ 121.121832202000064, 14.736397242000066 ], [ 121.122381763000135, 14.737701824 ], [ 121.122423659000219, 14.737828330000184 ], [ 121.122444482000105, 14.737935082000149 ], [ 121.122404574000143, 14.738054803000182 ], [ 121.122346593000088, 14.738127089000102 ], [ 121.11959851600011, 14.73969527200012 ], [ 121.119461314000205, 14.739755534000096 ], [ 121.119317907000095, 14.739778768000065 ], [ 121.119190846000151, 14.739765756000054 ], [ 121.119068794000214, 14.739709916999971 ], [ 121.118415903000255, 14.739320612000029 ], [ 121.11832746000016, 14.739291396999988 ], [ 121.118270306000227, 14.73927190500018 ], [ 121.118185553000217, 14.739273322000031 ], [ 121.118139412000232, 14.739335796000034 ], [ 121.11810976400011, 14.739392745000032 ], [ 121.117664321000234, 14.740594381000165 ], [ 121.117638979000276, 14.740684162000036 ], [ 121.117636555000104, 14.740768134000064 ], [ 121.118367072000069, 14.743532162000122 ], [ 121.118374455000207, 14.743678437000085 ], [ 121.118381609000039, 14.743822795000142 ], [ 121.118377700000224, 14.744024601000092 ], [ 121.118356069000129, 14.744242924000162 ], [ 121.118256742000312, 14.744896614000083 ], [ 121.118139202000179, 14.745240508999984 ], [ 121.117977012000097, 14.74561419500003 ], [ 121.117818276000094, 14.745936032000088 ], [ 121.11777222700016, 14.746046385000056 ], [ 121.117764240000042, 14.746158470000182 ], [ 121.117777403000218, 14.746261217999972 ], [ 121.117832929000201, 14.74637625500003 ], [ 121.118659038000033, 14.747389493000185 ], [ 121.118715245000203, 14.747506824000027 ], [ 121.118740107000121, 14.747603487000106 ], [ 121.11873846800006, 14.747704781000152 ], [ 121.11822157000006, 14.749419337000063 ], [ 121.118215052000096, 14.749510186000066 ], [ 121.118250466000177, 14.749586381000029 ], [ 121.118311800000129, 14.749667880000118 ], [ 121.119258882000281, 14.750431835000029 ], [ 121.119665390000023, 14.750899129000118 ], [ 121.119797344000062, 14.751035993000073 ], [ 121.120492464000222, 14.751638564000132 ], [ 121.120772189000036, 14.752021505000073 ], [ 121.120826323000074, 14.752152299000102 ], [ 121.120849855000074, 14.752262735000159 ], [ 121.120873614000175, 14.752831336000042 ], [ 121.120886335000023, 14.752950203000182 ], [ 121.120899983000072, 14.753024405000133 ], [ 121.120949243000041, 14.753094019 ], [ 121.121126948000096, 14.753302608000126 ], [ 121.121184898000138, 14.753415918000087 ], [ 121.121244438000076, 14.753550322000024 ], [ 121.121281295000017, 14.753713312000173 ], [ 121.12128729400024, 14.753899777000072 ], [ 121.120933316000105, 14.755079704000082 ], [ 121.120931076000261, 14.755190303000063 ], [ 121.120949242000165, 14.755267236000122 ], [ 121.120996996000031, 14.755339564999986 ], [ 121.121331669000142, 14.755723377000152 ], [ 121.121412179000231, 14.75583753899997 ], [ 121.121475844000088, 14.756009117000133 ], [ 121.121516109000254, 14.756186059000072 ], [ 121.121443071000044, 14.756422331000067 ], [ 121.121308388000216, 14.756650597000146 ], [ 121.121219024000084, 14.756821594000144 ], [ 121.121222385000124, 14.756909526000129 ], [ 121.121239279000065, 14.757043186000033 ], [ 121.121441799000195, 14.757590123000057 ], [ 121.121487537, 14.757645774000139 ], [ 121.121547425000017, 14.757692329000179 ], [ 121.121635604000289, 14.757725479000044 ], [ 121.121776600000089, 14.757727175000014 ], [ 121.122574080000163, 14.757738961000086 ], [ 121.122783801000196, 14.757750113000156 ], [ 121.122941658000173, 14.757765341000152 ], [ 121.123052577000067, 14.757793005000167 ], [ 121.12314378300016, 14.757847832000152 ], [ 121.123186359000101, 14.7579264580001 ], [ 121.123214215000075, 14.758019242000103 ], [ 121.123342136000133, 14.759419597999965 ], [ 121.123365957000033, 14.759635358000082 ], [ 121.123412274000202, 14.759713458000135 ], [ 121.123468590000243, 14.759770858000081 ], [ 121.123577278000198, 14.759802928999989 ], [ 121.124113575000024, 14.759743155000024 ], [ 121.124184365000019, 14.759764301000189 ], [ 121.124244336000174, 14.759810495000067 ], [ 121.124549350000166, 14.760157812000159 ], [ 121.125311620000161, 14.759811556000102 ], [ 121.126907985000344, 14.760996516999967 ], [ 121.129455617000076, 14.760441312000125 ] ] ] } },
{ "type": "Feature", "properties": { "adm4_name": "San Rafael", "adm4_name1": null, "adm4_name2": null, "adm4_name3": null, "adm4_pcode": "PH0405808011", "adm3_name": "Rodriguez (Montalban)", "adm3_name1": null, "adm3_name2": null, "adm3_name3": null, "adm3_pcode": "PH0405808", "adm2_name": "Rizal", "adm2_name1": null, "adm2_name2": null, "adm2_name3": null, "adm2_pcode": "PH04058", "adm1_name": "Region IV-A (Calabarzon)", "adm1_name1": null, "adm1_name2": null, "adm1_name3": null, "adm1_pcode": "PH04", "adm0_name": "Philippines", "adm0_name1": null, "adm0_name2": null, "adm0_name3": null, "adm0_pcode": "PH", "valid_on": "2025-02-13", "valid_to": null, "area_sqkm": 28.08997633, "version": "v03", "lang": "en", "lang1": null, "lang2": null, "lang3": null, "adm4_ref_n": "San Rafael", "center_lat": 14.71714809, "center_lon": 121.19621959 }, "geometry": { "type": "Polygon", "coordinates": [ [ [ 121.178941090000308, 14.74534968800009 ], [ 121.179087597000262, 14.745288001 ], [ 121.179326634000063, 14.745222459000104 ], [ 121.179608080000094, 14.745133784000132 ], [ 121.179866394000101, 14.745037397999965 ], [ 121.180020612000135, 14.744960289000062 ], [ 121.180197962000079, 14.744867759000044 ], [ 121.180371456000216, 14.744621011000106 ], [ 121.180421577000175, 14.744393539999976 ], [ 121.183803615000215, 14.739639936000174 ], [ 121.185390891000111, 14.737408949000042 ], [ 121.191421331000242, 14.734030377000067 ], [ 121.192265750000047, 14.73230615000017 ], [ 121.193334620000201, 14.730878663000055 ], [ 121.194672501000127, 14.729487001000052 ], [ 121.197077431000025, 14.728557302000127 ], [ 121.205024901000115, 14.723721750000038 ], [ 121.231572003000224, 14.718226673000061 ], [ 121.24045999000009, 14.716980910000075 ], [ 121.240504590000228, 14.716758210000137 ], [ 121.24062699000001, 14.716565310000021 ], [ 121.240760590000264, 14.716383411000152 ], [ 121.240857090000077, 14.716216511000027 ], [ 121.241109391000123, 14.71579711000004 ], [ 121.241198490000102, 14.715455710000015 ], [ 121.241217090000191, 14.715236810000022 ], [ 121.241016690000151, 14.71488420999998 ], [ 121.240793990000043, 14.714609610000025 ], [ 121.240660391000233, 14.714316510000117 ], [ 121.240656690000037, 14.71420141100009 ], [ 121.240719790000071, 14.714082710000127 ], [ 121.240793990000043, 14.713878610999984 ], [ 121.24083859000018, 14.713611411000102 ], [ 121.240897890000042, 14.71339251 ], [ 121.240953590000117, 14.713225511000132 ], [ 121.24098699000001, 14.712991710000097 ], [ 121.241009290000079, 14.71257241 ], [ 121.240968390000035, 14.711874711000121 ], [ 121.240953590000117, 14.711448010000083 ], [ 121.240912790000039, 14.711162210000055 ], [ 121.240782890000332, 14.710835711000129 ], [ 121.239213400000153, 14.706410900000037 ], [ 121.237159843000313, 14.70443695400013 ], [ 121.235522656000171, 14.704243622000149 ], [ 121.234538522000094, 14.704477287000032 ], [ 121.233487943000114, 14.7038718660001 ], [ 121.231600050000111, 14.703460207000035 ], [ 121.231401685000151, 14.702386643000068 ], [ 121.230247042000087, 14.702109906000146 ], [ 121.230393270000263, 14.700734327000134 ], [ 121.22864133500002, 14.700594339000077 ], [ 121.227580911000018, 14.699377203999973 ], [ 121.227295334000132, 14.697314431000109 ], [ 121.225738664000119, 14.69492405800014 ], [ 121.22269430900019, 14.693956996000054 ], [ 121.221327351000014, 14.692606371000124 ], [ 121.220938987000068, 14.690257700000018 ], [ 121.21916963700005, 14.68916321800009 ], [ 121.215915879000136, 14.688906407000047 ], [ 121.215612022000073, 14.689796274000059 ], [ 121.214939196000046, 14.69081636500016 ], [ 121.213897401000054, 14.691901569000095 ], [ 121.213767176000033, 14.6922054260001 ], [ 121.213810584000271, 14.692552691000117 ], [ 121.213593544000105, 14.69294336400003 ], [ 121.213853993000043, 14.694071975000043 ], [ 121.214222962000122, 14.695504444 ], [ 121.214266370000018, 14.696090453000124 ], [ 121.213919105000059, 14.696633055000063 ], [ 121.2135718400001, 14.697110545000101 ], [ 121.2135718400001, 14.698152340000092 ], [ 121.213767176000033, 14.699042206000172 ], [ 121.213528432000203, 14.699693328000023 ], [ 121.213528432000203, 14.700344450000102 ], [ 121.213007534000099, 14.701321132999965 ], [ 121.21250834000034, 14.702167592000137 ], [ 121.211792106000075, 14.702731898000081 ], [ 121.211206096000069, 14.703404724000166 ], [ 121.209947261000138, 14.70329620300015 ], [ 121.209339547000127, 14.703035755000087 ], [ 121.208970578000049, 14.702623377000066 ], [ 121.209100802000307, 14.702167592000137 ], [ 121.208970578000049, 14.701386246000141 ], [ 121.208796945000131, 14.700583195000036 ], [ 121.207972191000067, 14.699845257000106 ], [ 121.206995508000205, 14.699194135000027 ], [ 121.205997121000109, 14.698803462000114 ], [ 121.205085550000263, 14.698629829000083 ], [ 121.20462976400006, 14.698911982000027 ], [ 121.204434428000013, 14.699324359000173 ], [ 121.203870122000239, 14.699715032000086 ], [ 121.203739898000094, 14.700149114000112 ], [ 121.202958551000052, 14.700452971000118 ], [ 121.202218132000212, 14.700821135000183 ], [ 121.201037830000018, 14.701235400000087 ], [ 121.200117240000054, 14.70183378400003 ], [ 121.199334739000051, 14.702570255000126 ], [ 121.198966503000179, 14.70367496200015 ], [ 121.199150621000285, 14.70487172900016 ], [ 121.192004395000026, 14.702688181000099 ], [ 121.180440649000161, 14.705375886000184 ], [ 121.180203103000053, 14.705323098000065 ], [ 121.180106325000224, 14.705067956000107 ], [ 121.179956759000106, 14.70485680400003 ], [ 121.179657627000211, 14.704804016000139 ], [ 121.179112150000037, 14.70482161200016 ], [ 121.17854907800006, 14.704909592000149 ], [ 121.177528509000012, 14.70483041000017 ], [ 121.176305586000012, 14.704804016000139 ], [ 121.175223432000053, 14.70483920800001 ], [ 121.174862714000028, 14.704566469000099 ], [ 121.174317237000082, 14.704548873000078 ], [ 121.173824549000187, 14.70470723800014 ], [ 121.173397316000091, 14.704754513000012 ], [ 121.172961815, 14.704338807999989 ], [ 121.17215129900012, 14.704206837000186 ], [ 121.171947439000178, 14.704294613000172 ], [ 121.171865368000226, 14.704549943000131 ], [ 121.171637395000062, 14.704659370000059 ], [ 121.171318232000203, 14.704677608000168 ], [ 121.170971713000085, 14.704604657000061 ], [ 121.170606956000142, 14.70452258600011 ], [ 121.170233079000013, 14.704540824000048 ], [ 121.169977749000054, 14.704449635 ], [ 121.16967682500001, 14.704422278000152 ], [ 121.169284711000046, 14.704440516000091 ], [ 121.168974667000043, 14.704467873000112 ], [ 121.168710218000115, 14.704668489000028 ], [ 121.16826339000022, 14.704923818999987 ], [ 121.167834800000151, 14.705115317000036 ], [ 121.16766154100003, 14.705133555000145 ], [ 121.167351497000027, 14.705242982000016 ], [ 121.16694114500001, 14.705315933000122 ], [ 121.166558150000014, 14.705416242000183 ], [ 121.166129560000059, 14.705480074000093 ], [ 121.165728327000011, 14.70547095500018 ], [ 121.165317975000107, 14.705480074000093 ], [ 121.164989694000042, 14.705388885000104 ], [ 121.164743483000052, 14.705452717000071 ], [ 121.164488152000104, 14.70559862000016 ], [ 121.164260179000053, 14.705735404000109 ], [ 121.164041325000198, 14.705863069000088 ], [ 121.163950136000039, 14.706054567000137 ], [ 121.163913660000048, 14.706355492000057 ], [ 121.163758638000218, 14.706601703000103 ], [ 121.163567140000168, 14.706893508000178 ], [ 121.163320929000065, 14.70702117400009 ], [ 121.163238859000103, 14.707176195000045 ], [ 121.163184145000173, 14.707385931000147 ], [ 121.163247978000072, 14.707659499000044 ], [ 121.16342123700008, 14.70805161300018 ], [ 121.16342123700008, 14.708306943000139 ], [ 121.163211502000195, 14.7083343 ], [ 121.162956172, 14.708306943000139 ], [ 121.16274643700001, 14.708142802000168 ], [ 121.16244551200009, 14.708069851000062 ], [ 121.162208420000184, 14.708133683000028 ], [ 121.161916614, 14.708197516000041 ], [ 121.161679522000099, 14.70822487300012 ], [ 121.161551856000187, 14.708407251000096 ], [ 121.161405954000202, 14.708653462000143 ], [ 121.161451548000059, 14.708917911000071 ], [ 121.161560975000157, 14.70918236 ], [ 121.161652165000078, 14.709446809000156 ], [ 121.161779830000228, 14.709775091000097 ], [ 121.161907495000037, 14.710103372 ], [ 121.162153706000254, 14.710513724000066 ], [ 121.162235776000102, 14.710851125000147 ], [ 121.162108111000293, 14.711069979000172 ], [ 121.161889257000098, 14.71131619 ], [ 121.161287407000032, 14.711498569000071 ], [ 121.160849699000096, 14.711525926000149 ], [ 121.160375514000066, 14.71144385499997 ], [ 121.159837497000012, 14.71131619 ], [ 121.159326837000208, 14.711225001000173 ], [ 121.158825296000032, 14.711206763000121 ], [ 121.158250803000215, 14.711170287000073 ], [ 121.15777661900006, 14.711243239000112 ], [ 121.157348029000104, 14.71144385499997 ], [ 121.157028866000019, 14.711498569000071 ], [ 121.156509087000131, 14.71151680700018 ], [ 121.156180806000066, 14.711489450000101 ], [ 121.155852524000125, 14.711471212000049 ], [ 121.155542481000111, 14.711489450000101 ], [ 121.155369221000115, 14.711671829000011 ], [ 121.155150367000147, 14.711890683000036 ], [ 121.155013583000027, 14.712191608000126 ], [ 121.154895036000084, 14.71236486700019 ], [ 121.154639706000125, 14.712401343000181 ], [ 121.154393495000022, 14.712337511000044 ], [ 121.154220235000139, 14.712218964999977 ], [ 121.154065214000184, 14.712009229000046 ], [ 121.153928430000065, 14.711899802000175 ], [ 121.153755170000068, 14.711872445000097 ], [ 121.153290104, 14.711863326000127 ], [ 121.152888871000073, 14.7118177320001 ], [ 121.152670017000105, 14.711753899000087 ], [ 121.152606185000195, 14.711589758000059 ], [ 121.152597066000226, 14.711370904000091 ], [ 121.152724731000035, 14.711024385000087 ], [ 121.152779444000203, 14.710796411000047 ], [ 121.152706493000096, 14.710650508000185 ], [ 121.152478520000159, 14.710595795000188 ], [ 121.152150238000218, 14.710641389000045 ], [ 121.151894908000031, 14.710741698000049 ], [ 121.151539270000058, 14.710960552000074 ], [ 121.151156274000186, 14.711179406000042 ], [ 121.150764160000108, 14.711234120000142 ], [ 121.150435879000156, 14.711215882000033 ], [ 121.150125835000267, 14.711170287000073 ], [ 121.14983402900009, 14.711234120000142 ], [ 121.14928689300018, 14.711270596000134 ], [ 121.14886742300007, 14.711398261000113 ], [ 121.14864856800034, 14.71151680700018 ], [ 121.148577408000165, 14.711481083000081 ], [ 121.148575721000043, 14.711504701000081 ], [ 121.148580782000067, 14.711553624000089 ], [ 121.148582469000075, 14.711595799000122 ], [ 121.148597652000035, 14.711631225000019 ], [ 121.148606087000076, 14.711688583000182 ], [ 121.1486111480001, 14.71172907100015 ], [ 121.148624644000165, 14.711759437000183 ], [ 121.14866175800023, 14.71180836000002 ], [ 121.148680315000206, 14.711833665000086 ], [ 121.148732612000231, 14.711852222000118 ], [ 121.148779847000128, 14.711869090999983 ], [ 121.148820335000096, 14.711882587000048 ], [ 121.148842266000202, 14.71188933500008 ], [ 121.148865884000202, 14.711894396000048 ], [ 121.148919868, 14.711902831000145 ], [ 121.148946860000024, 14.711912953000081 ], [ 121.1490312090001, 14.711918014000048 ], [ 121.14909700200019, 14.711931510000113 ], [ 121.149177978000125, 14.711934884000016 ], [ 121.149270762000128, 14.711936571000081 ], [ 121.149344990000031, 14.711953441000048 ], [ 121.149412470000129, 14.711945006000178 ], [ 121.1494985060001, 14.711948380000081 ], [ 121.149574421000125, 14.711941632000048 ], [ 121.149616596000101, 14.711939944999983 ], [ 121.149695884000153, 14.711951753999983 ], [ 121.149768425000048, 14.711960189000081 ], [ 121.149839279000048, 14.711971998000081 ], [ 121.149883141000259, 14.712019234000081 ], [ 121.149920254000222, 14.712086714000179 ], [ 121.149952307000149, 14.712135636000141 ], [ 121.149972551000019, 14.712189620000174 ], [ 121.149967490000222, 14.712218299000142 ], [ 121.149960742000189, 14.712268909000045 ], [ 121.149970864000011, 14.712321205000137 ], [ 121.150001230000044, 14.712349884000105 ], [ 121.15002822200006, 14.712381936999975 ], [ 121.15005521400019, 14.712424112000178 ], [ 121.15009907600006, 14.712464599999976 ], [ 121.150132815, 14.712510149000138 ], [ 121.150203669, 14.712634986000069 ], [ 121.150244157000088, 14.712682222000069 ], [ 121.150272836000113, 14.712734519000037 ], [ 121.150304889000154, 14.712778381000078 ], [ 121.150325133000024, 14.71285429500017 ], [ 121.150353812000048, 14.712899844000106 ], [ 121.150380803000076, 14.712947080000106 ], [ 121.150389238000116, 14.713033116000133 ], [ 121.150362246000213, 14.713097222000101 ], [ 121.150348751000024, 14.713156267000102 ], [ 121.151360103000115, 14.713684717000149 ], [ 121.151371490000088, 14.713809977000039 ], [ 121.151409447000106, 14.713904870000135 ], [ 121.151485362000017, 14.714022538000108 ], [ 121.151869334000025, 14.714734095000097 ], [ 121.153262197000117, 14.717315279000161 ], [ 121.153909000000226, 14.718513900000119 ], [ 121.154258900000059, 14.719191099999989 ], [ 121.153173400000128, 14.719596799999977 ], [ 121.152406021000274, 14.719931697999982 ], [ 121.151873500000193, 14.720164100000034 ], [ 121.151619200000141, 14.720258400000034 ], [ 121.151498, 14.720261400000084 ], [ 121.152510486000097, 14.721954850000088 ], [ 121.153036224000289, 14.723077940999985 ], [ 121.153678237, 14.723707061000027 ], [ 121.153684019000025, 14.723779277000119 ], [ 121.153614395000091, 14.723838197000191 ], [ 121.153466446000039, 14.723919562000106 ], [ 121.153417130000207, 14.723956036000061 ], [ 121.153338803000224, 14.724017762000017 ], [ 121.153243071000134, 14.724228189000144 ], [ 121.153135736000195, 14.724362863000067 ], [ 121.152880451000101, 14.724570485000015 ], [ 121.152088486000025, 14.725235434000069 ], [ 121.151424951000081, 14.725829931000135 ], [ 121.151507697000056, 14.725915479000093 ], [ 121.151653217000217, 14.726053459000184 ], [ 121.151735963000078, 14.726092092999977 ], [ 121.151830123000082, 14.726166603000138 ], [ 121.151855803000103, 14.726219034999986 ], [ 121.15184724300002, 14.726270087000159 ], [ 121.151787323000121, 14.726326659000051 ], [ 121.151700296000058, 14.726398409000126 ], [ 121.151621830000181, 14.726470158000097 ], [ 121.15158759000019, 14.726515691000031 ], [ 121.151584737, 14.726550186000168 ], [ 121.151601857000173, 14.726631594000139 ], [ 121.151671763000081, 14.726802689000181 ], [ 121.151803016000031, 14.727104864000012 ], [ 121.151861509000014, 14.727216627000132 ], [ 121.151895749000118, 14.727342188000137 ], [ 121.15192856200008, 14.727426355000091 ], [ 121.150201285000094, 14.728340654000135 ], [ 121.150229018000232, 14.728400258000079 ], [ 121.150278321000087, 14.728489663000119 ], [ 121.150102185000264, 14.728610787000036 ], [ 121.150220423000064, 14.728831396000089 ], [ 121.150339600000279, 14.72904050000011 ], [ 121.150295500000198, 14.729159200000026 ], [ 121.150334976000067, 14.729292670000063 ], [ 121.150393900000154, 14.729491900000028 ], [ 121.150435100000209, 14.72977 ], [ 121.150511900000197, 14.729863800000032 ], [ 121.150755000000231, 14.729820800000027 ], [ 121.150865900000099, 14.730020700000068 ], [ 121.150971274000312, 14.73018635699998 ], [ 121.151096000000166, 14.730453000000125 ], [ 121.151217300000098, 14.730673200000069 ], [ 121.151313000000187, 14.730863000000113 ], [ 121.151314832000139, 14.730967740999972 ], [ 121.15115150000031, 14.730966390000162 ], [ 121.15143460000013, 14.731844662000185 ], [ 121.151126778000048, 14.731934086000081 ], [ 121.151163800000063, 14.732071600000097 ], [ 121.151210900000251, 14.732203100000163 ], [ 121.151231500000222, 14.73254020000013 ], [ 121.151544800000011, 14.734246400000131 ], [ 121.151355700000181, 14.73425270000007 ], [ 121.151115200000163, 14.734244200000091 ], [ 121.150951700000292, 14.734228200000189 ], [ 121.150867400000038, 14.7342238 ], [ 121.150825700000041, 14.734712100000081 ], [ 121.150784200000089, 14.735274100000026 ], [ 121.150744, 14.735730500000159 ], [ 121.150663900000154, 14.736363200000085 ], [ 121.150570989000016, 14.73709707800009 ], [ 121.151259096000331, 14.737195290000045 ], [ 121.151582195000174, 14.737241405000191 ], [ 121.151765665000084, 14.737243976000173 ], [ 121.151898249000055, 14.737245834000134 ], [ 121.153951195000104, 14.737274605000096 ], [ 121.154714080000076, 14.737197527000149 ], [ 121.155101295, 14.737158406000162 ], [ 121.155770794000091, 14.737208203000137 ], [ 121.156182800000011, 14.737017200000025 ], [ 121.156646200000068, 14.736726700000133 ], [ 121.157272800000214, 14.736544100000174 ], [ 121.157702000000199, 14.736477699999966 ], [ 121.15812801800007, 14.736309549 ], [ 121.158963700000072, 14.735979699999973 ], [ 121.159029124000199, 14.73595256200008 ], [ 121.159034886000086, 14.735950171000127 ], [ 121.15921935200015, 14.735873654000102 ], [ 121.159462562000158, 14.735772770000096 ], [ 121.159652700000265, 14.735693900000172 ], [ 121.15991420000023, 14.735544000000175 ], [ 121.1600793, 14.735464600000171 ], [ 121.160295100000099, 14.735238 ], [ 121.16073960000017, 14.735050199999989 ], [ 121.161049400000024, 14.734717900000021 ], [ 121.161435600000345, 14.73431950000014 ], [ 121.161881900000139, 14.734087100000067 ], [ 121.162225200000307, 14.733738400000163 ], [ 121.162594300000137, 14.733555799999976 ], [ 121.162857501000303, 14.73351664300003 ], [ 121.163152200000127, 14.733472800000072 ], [ 121.163512700000069, 14.733638800000108 ], [ 121.163729058000058, 14.733716180000101 ], [ 121.164139300000102, 14.73386290000019 ], [ 121.164760200000046, 14.733935500000143 ], [ 121.165250200000173, 14.733989200000167 ], [ 121.16589880000015, 14.734153500000048 ], [ 121.166671300000075, 14.734336100000064 ], [ 121.167459300000132, 14.734577500000171 ], [ 121.168252900000084, 14.73483420000008 ], [ 121.168562402000134, 14.734906613000135 ], [ 121.169246200000202, 14.735066600000096 ], [ 121.170404900000108, 14.735481600000185 ], [ 121.170765400000164, 14.736012900000048 ], [ 121.171108700000104, 14.736726700000133 ], [ 121.171452, 14.737258 ], [ 121.171795400000065, 14.737556800000107 ], [ 121.172276, 14.737805800000103 ], [ 121.172722300000032, 14.737946900000054 ], [ 121.173082800000202, 14.738029900000186 ], [ 121.173340300000177, 14.7378888 ], [ 121.173437153000123, 14.737701489000074 ], [ 121.173522647000254, 14.737816255000155 ], [ 121.173634200000151, 14.737966 ], [ 121.173705022000149, 14.738048979000041 ], [ 121.173751300000049, 14.738103200000182 ], [ 121.17385390000004, 14.7382235 ], [ 121.174052800000027, 14.738319100000126 ], [ 121.174236300000075, 14.738437700000134 ], [ 121.174259300000017, 14.738556200000176 ], [ 121.174244000000158, 14.73869 ], [ 121.174201900000071, 14.738827700000115 ], [ 121.174033700000223, 14.739106800000116 ], [ 121.173907800000052, 14.7393078 ], [ 121.173961500000019, 14.739530800000182 ], [ 121.173993700000096, 14.739722800000095 ], [ 121.174084800000173, 14.739842099999976 ], [ 121.174154600000065, 14.73999770000006 ], [ 121.174331600000301, 14.739919900000018 ], [ 121.17437313500011, 14.740016696000055 ], [ 121.174449600000116, 14.740194900000063 ], [ 121.174505100000147, 14.740484400000014 ], [ 121.174601700000267, 14.740728200000149 ], [ 121.174671400000193, 14.740894200000184 ], [ 121.17470340000034, 14.741018699999984 ], [ 121.174799900000153, 14.741340400000183 ], [ 121.17477190000011, 14.741611700000021 ], [ 121.174767700000189, 14.741651600000125 ], [ 121.175025200000164, 14.7420148 ], [ 121.175196900000174, 14.742191200000036 ], [ 121.175175400000171, 14.742429800000082 ], [ 121.175175400000171, 14.742678800000078 ], [ 121.175215617000049, 14.742790871000182 ], [ 121.175261300000102, 14.74291750000009 ], [ 121.175400700000296, 14.743135399999971 ], [ 121.175229100000138, 14.743695599999967 ], [ 121.175272000000177, 14.743955000000142 ], [ 121.1753026, 14.74424660000011 ], [ 121.175143200000093, 14.744608700000015 ], [ 121.17512180000017, 14.744940700000143 ], [ 121.174971600000163, 14.745179300000189 ], [ 121.177186868000149, 14.745087518000048 ], [ 121.177344941000115, 14.74521474800008 ], [ 121.177522291000059, 14.745291856000051 ], [ 121.177703496000049, 14.745280289999982 ], [ 121.177826870000104, 14.745222459000104 ], [ 121.17804663000004, 14.745191615000067 ], [ 121.178243257000076, 14.745210892000102 ], [ 121.178405185000088, 14.745264868000163 ], [ 121.178574824000066, 14.74534968800009 ], [ 121.178771451000216, 14.745380531000023 ], [ 121.178941090000308, 14.74534968800009 ] ] ] } }
]
}
